  0
SECTION
  2
HEADER
  9
$ACADVER
  1
AC1027
  9
$ACADMAINTVER
 70
   105
  9
$DWGCODEPAGE
  3
ANSI_1252
  9
$LASTSAVEDBY
  1
Kevin.Cotton
  9
$REQUIREDVERSIONS
160
                 0
  9
$INSBASE
 10
0.0
 20
0.0
 30
0.0
  9
$EXTMIN
 10
1.000000000000000E+20
 20
1.000000000000000E+20
 30
1.000000000000000E+20
  9
$EXTMAX
 10
-1.000000000000000E+20
 20
-1.000000000000000E+20
 30
-1.000000000000000E+20
  9
$LIMMIN
 10
-8.634999239999999
 20
-10.287
  9
$LIMMAX
 10
338.56786744
 20
124.30423704
  9
$ORTHOMODE
 70
     0
  9
$REGENMODE
 70
     1
  9
$FILLMODE
 70
     1
  9
$QTEXTMODE
 70
     0
  9
$MIRRTEXT
 70
     1
  9
$LTSCALE
 40
1.0
  9
$ATTMODE
 70
     1
  9
$TEXTSIZE
 40
0.2
  9
$TRACEWID
 40
0.05
  9
$TEXTSTYLE
  7
Standard
  9
$CLAYER
  8
0
  9
$CELTYPE
  6
ByLayer
  9
$CECOLOR
 62
   256
  9
$CELTSCALE
 40
1.0
  9
$DISPSILH
 70
     0
  9
$DIMSCALE
 40
1.0
  9
$DIMASZ
 40
0.18
  9
$DIMEXO
 40
0.0625
  9
$DIMDLI
 40
0.38
  9
$DIMRND
 40
0.0
  9
$DIMDLE
 40
0.0
  9
$DIMEXE
 40
0.18
  9
$DIMTP
 40
0.0
  9
$DIMTM
 40
0.0
  9
$DIMTXT
 40
0.18
  9
$DIMCEN
 40
0.09
  9
$DIMTSZ
 40
0.0
  9
$DIMTOL
 70
     0
  9
$DIMLIM
 70
     0
  9
$DIMTIH
 70
     1
  9
$DIMTOH
 70
     1
  9
$DIMSE1
 70
     0
  9
$DIMSE2
 70
     0
  9
$DIMTAD
 70
     0
  9
$DIMZIN
 70
     0
  9
$DIMBLK
  1

  9
$DIMASO
 70
     1
  9
$DIMSHO
 70
     1
  9
$DIMPOST
  1

  9
$DIMAPOST
  1

  9
$DIMALT
 70
     0
  9
$DIMALTD
 70
     2
  9
$DIMALTF
 40
25.4
  9
$DIMLFAC
 40
1.0
  9
$DIMTOFL
 70
     0
  9
$DIMTVP
 40
0.0
  9
$DIMTIX
 70
     0
  9
$DIMSOXD
 70
     0
  9
$DIMSAH
 70
     0
  9
$DIMBLK1
  1

  9
$DIMBLK2
  1

  9
$DIMSTYLE
  2
Standard
  9
$DIMCLRD
 70
     0
  9
$DIMCLRE
 70
     0
  9
$DIMCLRT
 70
     0
  9
$DIMTFAC
 40
1.0
  9
$DIMGAP
 40
0.09
  9
$DIMJUST
 70
     0
  9
$DIMSD1
 70
     0
  9
$DIMSD2
 70
     0
  9
$DIMTOLJ
 70
     1
  9
$DIMTZIN
 70
     0
  9
$DIMALTZ
 70
     0
  9
$DIMALTTZ
 70
     0
  9
$DIMUPT
 70
     0
  9
$DIMDEC
 70
     4
  9
$DIMTDEC
 70
     4
  9
$DIMALTU
 70
     2
  9
$DIMALTTD
 70
     2
  9
$DIMTXSTY
  7
Standard
  9
$DIMAUNIT
 70
     0
  9
$DIMADEC
 70
     0
  9
$DIMALTRND
 40
0.0
  9
$DIMAZIN
 70
     0
  9
$DIMDSEP
 70
    46
  9
$DIMATFIT
 70
     3
  9
$DIMFRAC
 70
     0
  9
$DIMLDRBLK
  1

  9
$DIMLUNIT
 70
     2
  9
$DIMLWD
 70
    -2
  9
$DIMLWE
 70
    -2
  9
$DIMTMOVE
 70
     0
  9
$DIMFXL
 40
1.0
  9
$DIMFXLON
 70
     0
  9
$DIMJOGANG
 40
0.7853981633974483
  9
$DIMTFILL
 70
     0
  9
$DIMTFILLCLR
 70
     0
  9
$DIMARCSYM
 70
     0
  9
$DIMLTYPE
  6

  9
$DIMLTEX1
  6

  9
$DIMLTEX2
  6

  9
$DIMTXTDIRECTION
 70
     0
  9
$LUNITS
 70
     2
  9
$LUPREC
 70
     4
  9
$SKETCHINC
 40
0.1
  9
$FILLETRAD
 40
0.0
  9
$AUNITS
 70
     0
  9
$AUPREC
 70
     0
  9
$MENU
  1
.
  9
$ELEVATION
 40
0.0
  9
$PELEVATION
 40
0.0
  9
$THICKNESS
 40
0.0
  9
$LIMCHECK
 70
     0
  9
$CHAMFERA
 40
0.0
  9
$CHAMFERB
 40
0.0
  9
$CHAMFERC
 40
0.0
  9
$CHAMFERD
 40
0.0
  9
$SKPOLY
 70
     0
  9
$TDCREATE
 40
2461066.580924792
  9
$TDUCREATE
 40
2461066.789258125
  9
$TDUPDATE
 40
2461066.580926239
  9
$TDUUPDATE
 40
2461066.789259572
  9
$TDINDWG
 40
0.0000000116
  9
$TDUSRTIMER
 40
0.0000000116
  9
$USRTIMER
 70
     1
  9
$ANGBASE
 50
0.0
  9
$ANGDIR
 70
     0
  9
$PDMODE
 70
     0
  9
$PDSIZE
 40
0.0
  9
$PLINEWID
 40
0.0
  9
$SPLFRAME
 70
     0
  9
$SPLINETYPE
 70
     6
  9
$SPLINESEGS
 70
     8
  9
$HANDSEED
  5
5AD
  9
$SURFTAB1
 70
     6
  9
$SURFTAB2
 70
     6
  9
$SURFTYPE
 70
     6
  9
$SURFU
 70
     6
  9
$SURFV
 70
     6
  9
$UCSBASE
  2

  9
$UCSNAME
  2

  9
$UCSORG
 10
0.0
 20
0.0
 30
0.0
  9
$UCSXDIR
 10
1.0
 20
0.0
 30
0.0
  9
$UCSYDIR
 10
0.0
 20
1.0
 30
0.0
  9
$UCSORTHOREF
  2

  9
$UCSORTHOVIEW
 70
     0
  9
$UCSORGTOP
 10
0.0
 20
0.0
 30
0.0
  9
$UCSORGBOTTOM
 10
0.0
 20
0.0
 30
0.0
  9
$UCSORGLEFT
 10
0.0
 20
0.0
 30
0.0
  9
$UCSORGRIGHT
 10
0.0
 20
0.0
 30
0.0
  9
$UCSORGFRONT
 10
0.0
 20
0.0
 30
0.0
  9
$UCSORGBACK
 10
0.0
 20
0.0
 30
0.0
  9
$PUCSBASE
  2

  9
$PUCSNAME
  2

  9
$PUCSORG
 10
0.0
 20
0.0
 30
0.0
  9
$PUCSXDIR
 10
1.0
 20
0.0
 30
0.0
  9
$PUCSYDIR
 10
0.0
 20
1.0
 30
0.0
  9
$PUCSORTHOREF
  2

  9
$PUCSORTHOVIEW
 70
     0
  9
$PUCSORGTOP
 10
0.0
 20
0.0
 30
0.0
  9
$PUCSORGBOTTOM
 10
0.0
 20
0.0
 30
0.0
  9
$PUCSORGLEFT
 10
0.0
 20
0.0
 30
0.0
  9
$PUCSORGRIGHT
 10
0.0
 20
0.0
 30
0.0
  9
$PUCSORGFRONT
 10
0.0
 20
0.0
 30
0.0
  9
$PUCSORGBACK
 10
0.0
 20
0.0
 30
0.0
  9
$USERI1
 70
     0
  9
$USERI2
 70
     0
  9
$USERI3
 70
     0
  9
$USERI4
 70
     0
  9
$USERI5
 70
     0
  9
$USERR1
 40
0.0
  9
$USERR2
 40
0.0
  9
$USERR3
 40
0.0
  9
$USERR4
 40
0.0
  9
$USERR5
 40
0.0
  9
$WORLDVIEW
 70
     1
  9
$SHADEDGE
 70
     3
  9
$SHADEDIF
 70
    70
  9
$TILEMODE
 70
     1
  9
$MAXACTVP
 70
    64
  9
$PINSBASE
 10
0.0
 20
0.0
 30
0.0
  9
$PLIMCHECK
 70
     0
  9
$PEXTMIN
 10
1.000000000000000E+20
 20
1.000000000000000E+20
 30
1.000000000000000E+20
  9
$PEXTMAX
 10
-1.000000000000000E+20
 20
-1.000000000000000E+20
 30
-1.000000000000000E+20
  9
$PLIMMIN
 10
0.0
 20
0.0
  9
$PLIMMAX
 10
12.0
 20
9.0
  9
$UNITMODE
 70
     0
  9
$VISRETAIN
 70
     1
  9
$PLINEGEN
 70
     0
  9
$PSLTSCALE
 70
     1
  9
$TREEDEPTH
 70
  3020
  9
$CMLSTYLE
  2
Standard
  9
$CMLJUST
 70
     0
  9
$CMLSCALE
 40
1.0
  9
$PROXYGRAPHICS
 70
     1
  9
$MEASUREMENT
 70
     1
  9
$CELWEIGHT
370
    -1
  9
$ENDCAPS
280
     0
  9
$JOINSTYLE
280
     0
  9
$LWDISPLAY
290
     0
  9
$INSUNITS
 70
     1
  9
$HYPERLINKBASE
  1

  9
$STYLESHEET
  1

  9
$XEDIT
290
     1
  9
$CEPSNTYPE
380
     0
  9
$PSTYLEMODE
290
     1
  9
$FINGERPRINTGUID
  2
{3476d5bb-34cc-47a9-8c73-b71929029067}
  9
$VERSIONGUID
  2
{FAEB1C32-E019-11D5-929B-00C0DF256EC4}
  9
$EXTNAMES
290
     1
  9
$PSVPSCALE
 40
0.0
  9
$OLESTARTUP
290
     0
  9
$SORTENTS
280
   127
  9
$INDEXCTL
280
     0
  9
$HIDETEXT
280
     1
  9
$XCLIPFRAME
280
     2
  9
$HALOGAP
280
     0
  9
$OBSCOLOR
 70
   257
  9
$OBSLTYPE
280
     0
  9
$INTERSECTIONDISPLAY
280
     0
  9
$INTERSECTIONCOLOR
 70
   257
  9
$DIMASSOC
280
     2
  9
$PROJECTNAME
  1

  9
$CAMERADISPLAY
290
     0
  9
$LENSLENGTH
 40
50.0
  9
$CAMERAHEIGHT
 40
0.0
  9
$STEPSPERSEC
 40
2.0
  9
$STEPSIZE
 40
6.0
  9
$3DDWFPREC
 40
2.0
  9
$PSOLWIDTH
 40
0.25
  9
$PSOLHEIGHT
 40
4.0
  9
$LOFTANG1
 40
1.570796326794897
  9
$LOFTANG2
 40
1.570796326794897
  9
$LOFTMAG1
 40
0.0
  9
$LOFTMAG2
 40
0.0
  9
$LOFTPARAM
 70
     7
  9
$LOFTNORMALS
280
     1
  9
$LATITUDE
 40
37.795
  9
$LONGITUDE
 40
-122.394
  9
$NORTHDIRECTION
 40
0.0
  9
$TIMEZONE
 70
 -8000
  9
$LIGHTGLYPHDISPLAY
280
     1
  9
$TILEMODELIGHTSYNCH
280
     1
  9
$CMATERIAL
347
44
  9
$SOLIDHIST
280
     0
  9
$SHOWHIST
280
     1
  9
$DWFFRAME
280
     2
  9
$DGNFRAME
280
     2
  9
$REALWORLDSCALE
290
     1
  9
$INTERFERECOLOR
 62
   256
  9
$CSHADOW
280
     0
  9
$SHADOWPLANELOCATION
 40
0.0
  0
ENDSEC
  0
SECTION
  2
CLASSES
  0
CLASS
  1
ACDBDICTIONARYWDFLT
  2
AcDbDictionaryWithDefault
  3
ObjectDBX Classes
 90
        0
 91
        3
280
     0
281
     0
  0
CLASS
  1
VISUALSTYLE
  2
AcDbVisualStyle
  3
ObjectDBX Classes
 90
     4095
 91
        3
280
     0
281
     0
  0
CLASS
  1
MATERIAL
  2
AcDbMaterial
  3
ObjectDBX Classes
 90
     1153
 91
        3
280
     0
281
     0
  0
CLASS
  1
SCALE
  2
AcDbScale
  3
ObjectDBX Classes
 90
     1153
 91
        3
280
     0
281
     0
  0
CLASS
  1
TABLESTYLE
  2
AcDbTableStyle
  3
ObjectDBX Classes
 90
     4095
 91
        3
280
     0
281
     0
  0
CLASS
  1
MLEADERSTYLE
  2
AcDbMLeaderStyle
  3
ACDB_MLEADERSTYLE_CLASS
 90
     4095
 91
        3
280
     0
281
     0
  0
CLASS
  1
SUN
  2
AcDbSun
  3
SCENEOE
 90
     1153
 91
        3
280
     0
281
     0
  0
CLASS
  1
DICTIONARYVAR
  2
AcDbDictionaryVar
  3
ObjectDBX Classes
 90
        0
 91
        3
280
     0
281
     0
  0
CLASS
  1
CELLSTYLEMAP
  2
AcDbCellStyleMap
  3
ObjectDBX Classes
 90
     1152
 91
        3
280
     0
281
     0
  0
ENDSEC
  0
SECTION
  2
TABLES
  0
TABLE
  2
VPORT
  5
8
330
0
100
AcDbSymbolTable
 70
     1
  0
VPORT
  5
29
330
8
100
AcDbSymbolTableRecord
100
AcDbViewportTableRecord
  2
*Active
 70
     0
 10
0.0
 20
0.0
 11
1.0
 21
1.0
 12
10.42990654205607
 22
4.5
 13
0.0
 23
0.0
 14
0.5
 24
0.5
 15
0.5
 25
0.5
 16
0.0
 26
0.0
 36
1.0
 17
0.0
 27
0.0
 37
0.0
 40
9.0
 41
1.972972972850329
 42
50.0
 43
0.0
 44
0.0
 50
0.0
 51
0.0
 71
     0
 72
   100
 73
     1
 74
     3
 75
     0
 76
     0
 77
     0
 78
     0
281
     0
 65
     1
110
0.0
120
0.0
130
0.0
111
1.0
121
0.0
131
0.0
112
0.0
122
1.0
132
0.0
 79
     0
146
0.0
348
2F
 60
     3
 61
     5
292
     1
282
     1
141
0.0
142
0.0
 63
   250
361
5D
  0
ENDTAB
  0
TABLE
  2
LTYPE
  5
5
330
0
100
AcDbSymbolTable
 70
     1
  0
LTYPE
  5
14
330
5
100
AcDbSymbolTableRecord
100
AcDbLinetypeTableRecord
  2
ByBlock
 70
     0
  3

 72
    65
 73
     0
 40
0.0
  0
LTYPE
  5
15
330
5
100
AcDbSymbolTableRecord
100
AcDbLinetypeTableRecord
  2
ByLayer
 70
     0
  3

 72
    65
 73
     0
 40
0.0
  0
LTYPE
  5
16
330
5
100
AcDbSymbolTableRecord
100
AcDbLinetypeTableRecord
  2
Continuous
 70
     0
  3
Solid line
 72
    65
 73
     0
 40
0.0
  0
ENDTAB
  0
TABLE
  2
LAYER
  5
2
330
0
100
AcDbSymbolTable
 70
     5
  0
LAYER
  5
10
330
2
100
AcDbSymbolTableRecord
100
AcDbLayerTableRecord
  2
0
 70
     0
 62
     7
  6
Continuous
370
    -3
390
F
347
46
348
0
  0
LAYER
  5
5E
330
2
100
AcDbSymbolTableRecord
100
AcDbLayerTableRecord
  2
Board
 70
     0
 62
   216
  6
Continuous
370
    -3
390
F
347
46
348
0
  0
LAYER
  5
5F
330
2
100
AcDbSymbolTableRecord
100
AcDbLayerTableRecord
  2
Top Component Center
 70
     0
 62
    76
  6
Continuous
370
    -3
390
F
347
46
348
0
  0
LAYER
  5
60
330
2
100
AcDbSymbolTableRecord
100
AcDbLayerTableRecord
  2
Pad Holes
 70
     0
 62
   156
  6
Continuous
370
    -3
390
F
347
46
348
0
  0
LAYER
  5
61
330
2
100
AcDbSymbolTableRecord
100
AcDbLayerTableRecord
  2
Via Holes
 70
     0
 62
    16
  6
Continuous
370
    -3
390
F
347
46
348
0
  0
ENDTAB
  0
TABLE
  2
STYLE
  5
3
330
0
100
AcDbSymbolTable
 70
     1
  0
STYLE
  5
11
330
3
100
AcDbSymbolTableRecord
100
AcDbTextStyleTableRecord
  2
Standard
 70
     0
 40
0.0
 41
1.0
 50
0.0
 71
     0
 42
0.2
  3
txt
  4

  0
ENDTAB
  0
TABLE
  2
VIEW
  5
6
330
0
100
AcDbSymbolTable
 70
     0
  0
ENDTAB
  0
TABLE
  2
UCS
  5
7
330
0
100
AcDbSymbolTable
 70
     0
  0
ENDTAB
  0
TABLE
  2
APPID
  5
9
330
0
100
AcDbSymbolTable
 70
     1
  0
APPID
  5
12
330
9
100
AcDbSymbolTableRecord
100
AcDbRegAppTableRecord
  2
ACAD
 70
     0
  0
ENDTAB
  0
TABLE
  2
DIMSTYLE
  5
A
330
0
100
AcDbSymbolTable
 70
     1
100
AcDbDimStyleTable
  0
DIMSTYLE
105
27
330
A
100
AcDbSymbolTableRecord
100
AcDbDimStyleTableRecord
  2
Standard
 70
     0
178
     0
340
11
  0
ENDTAB
  0
TABLE
  2
BLOCK_RECORD
  5
1
330
0
100
AcDbSymbolTable
 70
   104
  0
BLOCK_RECORD
  5
1F
330
1
100
AcDbSymbolTableRecord
100
AcDbBlockTableRecord
  2
*Model_Space
340
22
 70
     0
280
     1
281
     0
  0
BLOCK_RECORD
  5
1B
330
1
100
AcDbSymbolTableRecord
100
AcDbBlockTableRecord
  2
*Paper_Space
340
1E
 70
     0
280
     1
281
     0
  0
BLOCK_RECORD
  5
23
330
1
100
AcDbSymbolTableRecord
100
AcDbBlockTableRecord
  2
*Paper_Space0
340
26
 70
     0
280
     1
281
     0
  0
BLOCK_RECORD
  5
2E0
330
1
100
AcDbSymbolTableRecord
100
AcDbBlockTableRecord
  2
R_1005_0402__104
340
0
102
{BLKREFS
331
2E1
102
}
 70
     0
280
     1
281
     0
  0
BLOCK_RECORD
  5
2E2
330
1
100
AcDbSymbolTableRecord
100
AcDbBlockTableRecord
  2
TP_TH061_105
340
0
102
{BLKREFS
331
2E4
102
}
 70
     0
280
     1
281
     0
  0
BLOCK_RECORD
  5
2E5
330
1
100
AcDbSymbolTableRecord
100
AcDbBlockTableRecord
  2
TP_TH061_106
340
0
102
{BLKREFS
331
2E7
102
}
 70
     0
280
     1
281
     0
  0
BLOCK_RECORD
  5
2E8
330
1
100
AcDbSymbolTableRecord
100
AcDbBlockTableRecord
  2
C_2012_0805__107
340
0
102
{BLKREFS
331
2E9
102
}
 70
     0
280
     1
281
     0
  0
BLOCK_RECORD
  5
2EA
330
1
100
AcDbSymbolTableRecord
100
AcDbBlockTableRecord
  2
CONN_SKT_01X06_100MIL_108
340
0
102
{BLKREFS
331
2F1
102
}
 70
     0
280
     1
281
     0
  0
BLOCK_RECORD
  5
2F2
330
1
100
AcDbSymbolTableRecord
100
AcDbBlockTableRecord
  2
CONN_SKT_01X06_100MIL_109
340
0
102
{BLKREFS
331
2F9
102
}
 70
     0
280
     1
281
     0
  0
BLOCK_RECORD
  5
2FA
330
1
100
AcDbSymbolTableRecord
100
AcDbBlockTableRecord
  2
CONN_SKT_01X06_100MIL_110
340
0
102
{BLKREFS
331
301
102
}
 70
     0
280
     1
281
     0
  0
BLOCK_RECORD
  5
302
330
1
100
AcDbSymbolTableRecord
100
AcDbBlockTableRecord
  2
CONN_SKT_01X06_100MIL_111
340
0
102
{BLKREFS
331
309
102
}
 70
     0
280
     1
281
     0
  0
BLOCK_RECORD
  5
30A
330
1
100
AcDbSymbolTableRecord
100
AcDbBlockTableRecord
  2
CONN_SKT_01X06_100MIL_112
340
0
102
{BLKREFS
331
311
102
}
 70
     0
280
     1
281
     0
  0
BLOCK_RECORD
  5
312
330
1
100
AcDbSymbolTableRecord
100
AcDbBlockTableRecord
  2
R_1005_0402__113
340
0
102
{BLKREFS
331
313
102
}
 70
     0
280
     1
281
     0
  0
BLOCK_RECORD
  5
314
330
1
100
AcDbSymbolTableRecord
100
AcDbBlockTableRecord
  2
R_1005_0402__114
340
0
102
{BLKREFS
331
315
102
}
 70
     0
280
     1
281
     0
  0
BLOCK_RECORD
  5
316
330
1
100
AcDbSymbolTableRecord
100
AcDbBlockTableRecord
  2
TP_TH061_115
340
0
102
{BLKREFS
331
318
102
}
 70
     0
280
     1
281
     0
  0
BLOCK_RECORD
  5
319
330
1
100
AcDbSymbolTableRecord
100
AcDbBlockTableRecord
  2
SOD323_116
340
0
102
{BLKREFS
331
31A
102
}
 70
     0
280
     1
281
     0
  0
BLOCK_RECORD
  5
31B
330
1
100
AcDbSymbolTableRecord
100
AcDbBlockTableRecord
  2
SOD323_117
340
0
102
{BLKREFS
331
31C
102
}
 70
     0
280
     1
281
     0
  0
BLOCK_RECORD
  5
31D
330
1
100
AcDbSymbolTableRecord
100
AcDbBlockTableRecord
  2
SOD323_118
340
0
102
{BLKREFS
331
31E
102
}
 70
     0
280
     1
281
     0
  0
BLOCK_RECORD
  5
31F
330
1
100
AcDbSymbolTableRecord
100
AcDbBlockTableRecord
  2
CONN_TERM_BLOCK_2POS_5___M____1_119
340
0
102
{BLKREFS
331
322
102
}
 70
     0
280
     1
281
     0
  0
BLOCK_RECORD
  5
323
330
1
100
AcDbSymbolTableRecord
100
AcDbBlockTableRecord
  2
TP_TH061_120
340
0
102
{BLKREFS
331
325
102
}
 70
     0
280
     1
281
     0
  0
BLOCK_RECORD
  5
326
330
1
100
AcDbSymbolTableRecord
100
AcDbBlockTableRecord
  2
TP_TH061_121
340
0
102
{BLKREFS
331
328
102
}
 70
     0
280
     1
281
     0
  0
BLOCK_RECORD
  5
329
330
1
100
AcDbSymbolTableRecord
100
AcDbBlockTableRecord
  2
MP_M_H____M2_5_0_45___LOOSE_FIT_122
340
0
102
{BLKREFS
331
32B
102
}
 70
     0
280
     1
281
     0
  0
BLOCK_RECORD
  5
32C
330
1
100
AcDbSymbolTableRecord
100
AcDbBlockTableRecord
  2
MP_M_H____M2_5_0_45___LOOSE_FIT_123
340
0
102
{BLKREFS
331
32E
102
}
 70
     0
280
     1
281
     0
  0
BLOCK_RECORD
  5
32F
330
1
100
AcDbSymbolTableRecord
100
AcDbBlockTableRecord
  2
CONN_DC_JACK_RA_124
340
0
102
{BLKREFS
331
33C
102
}
 70
     0
280
     1
281
     0
  0
BLOCK_RECORD
  5
33D
330
1
100
AcDbSymbolTableRecord
100
AcDbBlockTableRecord
  2
C_2012_0805__125
340
0
102
{BLKREFS
331
33E
102
}
 70
     0
280
     1
281
     0
  0
BLOCK_RECORD
  5
33F
330
1
100
AcDbSymbolTableRecord
100
AcDbBlockTableRecord
  2
C_1005_0402__126
340
0
102
{BLKREFS
331
340
102
}
 70
     0
280
     1
281
     0
  0
BLOCK_RECORD
  5
341
330
1
100
AcDbSymbolTableRecord
100
AcDbBlockTableRecord
  2
C_1005_0402__127
340
0
102
{BLKREFS
331
342
102
}
 70
     0
280
     1
281
     0
  0
BLOCK_RECORD
  5
343
330
1
100
AcDbSymbolTableRecord
100
AcDbBlockTableRecord
  2
C_2012_0805__128
340
0
102
{BLKREFS
331
344
102
}
 70
     0
280
     1
281
     0
  0
BLOCK_RECORD
  5
345
330
1
100
AcDbSymbolTableRecord
100
AcDbBlockTableRecord
  2
C_1005_0402__129
340
0
102
{BLKREFS
331
346
102
}
 70
     0
280
     1
281
     0
  0
BLOCK_RECORD
  5
347
330
1
100
AcDbSymbolTableRecord
100
AcDbBlockTableRecord
  2
C_2012_0805__130
340
0
102
{BLKREFS
331
348
102
}
 70
     0
280
     1
281
     0
  0
BLOCK_RECORD
  5
349
330
1
100
AcDbSymbolTableRecord
100
AcDbBlockTableRecord
  2
TP_TH061_131
340
0
102
{BLKREFS
331
34B
102
}
 70
     0
280
     1
281
     0
  0
BLOCK_RECORD
  5
34C
330
1
100
AcDbSymbolTableRecord
100
AcDbBlockTableRecord
  2
TP_TH061_132
340
0
102
{BLKREFS
331
34E
102
}
 70
     0
280
     1
281
     0
  0
BLOCK_RECORD
  5
34F
330
1
100
AcDbSymbolTableRecord
100
AcDbBlockTableRecord
  2
TP_TH061_133
340
0
102
{BLKREFS
331
351
102
}
 70
     0
280
     1
281
     0
  0
BLOCK_RECORD
  5
352
330
1
100
AcDbSymbolTableRecord
100
AcDbBlockTableRecord
  2
TP_TH061_134
340
0
102
{BLKREFS
331
354
102
}
 70
     0
280
     1
281
     0
  0
BLOCK_RECORD
  5
355
330
1
100
AcDbSymbolTableRecord
100
AcDbBlockTableRecord
  2
P_CONN_HDR_1ROW_6POS_RA_100MIL_135
340
0
102
{BLKREFS
331
35C
102
}
 70
     0
280
     1
281
     0
  0
BLOCK_RECORD
  5
35D
330
1
100
AcDbSymbolTableRecord
100
AcDbBlockTableRecord
  2
C_1005_0402__136
340
0
102
{BLKREFS
331
35E
102
}
 70
     0
280
     1
281
     0
  0
BLOCK_RECORD
  5
35F
330
1
100
AcDbSymbolTableRecord
100
AcDbBlockTableRecord
  2
C_1005_0402__137
340
0
102
{BLKREFS
331
360
102
}
 70
     0
280
     1
281
     0
  0
BLOCK_RECORD
  5
361
330
1
100
AcDbSymbolTableRecord
100
AcDbBlockTableRecord
  2
C_1005_0402__138
340
0
102
{BLKREFS
331
362
102
}
 70
     0
280
     1
281
     0
  0
BLOCK_RECORD
  5
363
330
1
100
AcDbSymbolTableRecord
100
AcDbBlockTableRecord
  2
C_1005_0402__139
340
0
102
{BLKREFS
331
364
102
}
 70
     0
280
     1
281
     0
  0
BLOCK_RECORD
  5
365
330
1
100
AcDbSymbolTableRecord
100
AcDbBlockTableRecord
  2
R_3216_1206__140
340
0
102
{BLKREFS
331
366
102
}
 70
     0
280
     1
281
     0
  0
BLOCK_RECORD
  5
367
330
1
100
AcDbSymbolTableRecord
100
AcDbBlockTableRecord
  2
C_2012_0805__141
340
0
102
{BLKREFS
331
368
102
}
 70
     0
280
     1
281
     0
  0
BLOCK_RECORD
  5
369
330
1
100
AcDbSymbolTableRecord
100
AcDbBlockTableRecord
  2
C_2012_0805__142
340
0
102
{BLKREFS
331
36A
102
}
 70
     0
280
     1
281
     0
  0
BLOCK_RECORD
  5
36B
330
1
100
AcDbSymbolTableRecord
100
AcDbBlockTableRecord
  2
C_2012_0805__143
340
0
102
{BLKREFS
331
36C
102
}
 70
     0
280
     1
281
     0
  0
BLOCK_RECORD
  5
36D
330
1
100
AcDbSymbolTableRecord
100
AcDbBlockTableRecord
  2
C_2012_0805__144
340
0
102
{BLKREFS
331
36E
102
}
 70
     0
280
     1
281
     0
  0
BLOCK_RECORD
  5
36F
330
1
100
AcDbSymbolTableRecord
100
AcDbBlockTableRecord
  2
C_2012_0805__145
340
0
102
{BLKREFS
331
370
102
}
 70
     0
280
     1
281
     0
  0
BLOCK_RECORD
  5
371
330
1
100
AcDbSymbolTableRecord
100
AcDbBlockTableRecord
  2
C_2012_0805__146
340
0
102
{BLKREFS
331
372
102
}
 70
     0
280
     1
281
     0
  0
BLOCK_RECORD
  5
373
330
1
100
AcDbSymbolTableRecord
100
AcDbBlockTableRecord
  2
C_2012_0805__147
340
0
102
{BLKREFS
331
374
102
}
 70
     0
280
     1
281
     0
  0
BLOCK_RECORD
  5
375
330
1
100
AcDbSymbolTableRecord
100
AcDbBlockTableRecord
  2
SOT_223_148
340
0
102
{BLKREFS
331
378
102
}
 70
     0
280
     1
281
     0
  0
BLOCK_RECORD
  5
379
330
1
100
AcDbSymbolTableRecord
100
AcDbBlockTableRecord
  2
U_TSSOP65P660X450_20_149
340
0
102
{BLKREFS
331
37A
102
}
 70
     0
280
     1
281
     0
  0
BLOCK_RECORD
  5
37B
330
1
100
AcDbSymbolTableRecord
100
AcDbBlockTableRecord
  2
U_TSSOP65P660X450_20_150
340
0
102
{BLKREFS
331
37C
102
}
 70
     0
280
     1
281
     0
  0
BLOCK_RECORD
  5
37D
330
1
100
AcDbSymbolTableRecord
100
AcDbBlockTableRecord
  2
SOD323_151
340
0
102
{BLKREFS
331
37E
102
}
 70
     0
280
     1
281
     0
  0
BLOCK_RECORD
  5
37F
330
1
100
AcDbSymbolTableRecord
100
AcDbBlockTableRecord
  2
C_1005_0402__152
340
0
102
{BLKREFS
331
380
102
}
 70
     0
280
     1
281
     0
  0
BLOCK_RECORD
  5
381
330
1
100
AcDbSymbolTableRecord
100
AcDbBlockTableRecord
  2
C_2012_0805__153
340
0
102
{BLKREFS
331
382
102
}
 70
     0
280
     1
281
     0
  0
BLOCK_RECORD
  5
383
330
1
100
AcDbSymbolTableRecord
100
AcDbBlockTableRecord
  2
C_2012_0805__154
340
0
102
{BLKREFS
331
384
102
}
 70
     0
280
     1
281
     0
  0
BLOCK_RECORD
  5
385
330
1
100
AcDbSymbolTableRecord
100
AcDbBlockTableRecord
  2
C_1005_0402__155
340
0
102
{BLKREFS
331
386
102
}
 70
     0
280
     1
281
     0
  0
BLOCK_RECORD
  5
387
330
1
100
AcDbSymbolTableRecord
100
AcDbBlockTableRecord
  2
C_2012_0805__156
340
0
102
{BLKREFS
331
388
102
}
 70
     0
280
     1
281
     0
  0
BLOCK_RECORD
  5
389
330
1
100
AcDbSymbolTableRecord
100
AcDbBlockTableRecord
  2
C_2012_0805__157
340
0
102
{BLKREFS
331
38A
102
}
 70
     0
280
     1
281
     0
  0
BLOCK_RECORD
  5
38B
330
1
100
AcDbSymbolTableRecord
100
AcDbBlockTableRecord
  2
R_1005_0402__158
340
0
102
{BLKREFS
331
38C
102
}
 70
     0
280
     1
281
     0
  0
BLOCK_RECORD
  5
38D
330
1
100
AcDbSymbolTableRecord
100
AcDbBlockTableRecord
  2
R_1005_0402__159
340
0
102
{BLKREFS
331
38E
102
}
 70
     0
280
     1
281
     0
  0
BLOCK_RECORD
  5
38F
330
1
100
AcDbSymbolTableRecord
100
AcDbBlockTableRecord
  2
SOD323_160
340
0
102
{BLKREFS
331
390
102
}
 70
     0
280
     1
281
     0
  0
BLOCK_RECORD
  5
391
330
1
100
AcDbSymbolTableRecord
100
AcDbBlockTableRecord
  2
R_1005_0402__161
340
0
102
{BLKREFS
331
392
102
}
 70
     0
280
     1
281
     0
  0
BLOCK_RECORD
  5
393
330
1
100
AcDbSymbolTableRecord
100
AcDbBlockTableRecord
  2
R_1005_0402__162
340
0
102
{BLKREFS
331
394
102
}
 70
     0
280
     1
281
     0
  0
BLOCK_RECORD
  5
395
330
1
100
AcDbSymbolTableRecord
100
AcDbBlockTableRecord
  2
MP_M_H_____4_40_LOOSE_FIT_163
340
0
102
{BLKREFS
331
397
102
}
 70
     0
280
     1
281
     0
  0
BLOCK_RECORD
  5
398
330
1
100
AcDbSymbolTableRecord
100
AcDbBlockTableRecord
  2
MP_M_H_____4_40_LOOSE_FIT_164
340
0
102
{BLKREFS
331
39A
102
}
 70
     0
280
     1
281
     0
  0
BLOCK_RECORD
  5
39B
330
1
100
AcDbSymbolTableRecord
100
AcDbBlockTableRecord
  2
MP_M_H_____4_40_LOOSE_FIT_165
340
0
102
{BLKREFS
331
39D
102
}
 70
     0
280
     1
281
     0
  0
BLOCK_RECORD
  5
39E
330
1
100
AcDbSymbolTableRecord
100
AcDbBlockTableRecord
  2
MP_M_H_____4_40_LOOSE_FIT_166
340
0
102
{BLKREFS
331
3A0
102
}
 70
     0
280
     1
281
     0
  0
BLOCK_RECORD
  5
3A1
330
1
100
AcDbSymbolTableRecord
100
AcDbBlockTableRecord
  2
MP_M_H_____4_40_LOOSE_FIT_167
340
0
102
{BLKREFS
331
3A3
102
}
 70
     0
280
     1
281
     0
  0
BLOCK_RECORD
  5
3A4
330
1
100
AcDbSymbolTableRecord
100
AcDbBlockTableRecord
  2
MP_M_H____M2_5_0_45___LOOSE_FIT_168
340
0
102
{BLKREFS
331
3A6
102
}
 70
     0
280
     1
281
     0
  0
BLOCK_RECORD
  5
3A7
330
1
100
AcDbSymbolTableRecord
100
AcDbBlockTableRecord
  2
MP_M_H____M2_5_0_45___LOOSE_FIT_169
340
0
102
{BLKREFS
331
3A9
102
}
 70
     0
280
     1
281
     0
  0
BLOCK_RECORD
  5
3AA
330
1
100
AcDbSymbolTableRecord
100
AcDbBlockTableRecord
  2
MP_M_H____M2_5_0_45___LOOSE_FIT_170
340
0
102
{BLKREFS
331
3AC
102
}
 70
     0
280
     1
281
     0
  0
BLOCK_RECORD
  5
3AD
330
1
100
AcDbSymbolTableRecord
100
AcDbBlockTableRecord
  2
MP_M_H____M2_5_0_45___LOOSE_FIT_171
340
0
102
{BLKREFS
331
3AF
102
}
 70
     0
280
     1
281
     0
  0
BLOCK_RECORD
  5
3B0
330
1
100
AcDbSymbolTableRecord
100
AcDbBlockTableRecord
  2
R_1005_0402__172
340
0
102
{BLKREFS
331
3B1
102
}
 70
     0
280
     1
281
     0
  0
BLOCK_RECORD
  5
3B2
330
1
100
AcDbSymbolTableRecord
100
AcDbBlockTableRecord
  2
FP_USB4085_GF_A_MFG_173
340
0
102
{BLKREFS
331
3D3
102
}
 70
     0
280
     1
281
     0
  0
BLOCK_RECORD
  5
3D4
330
1
100
AcDbSymbolTableRecord
100
AcDbBlockTableRecord
  2
C_2012_0805__174
340
0
102
{BLKREFS
331
3D5
102
}
 70
     0
280
     1
281
     0
  0
BLOCK_RECORD
  5
3D6
330
1
100
AcDbSymbolTableRecord
100
AcDbBlockTableRecord
  2
C_1005_0402__175
340
0
102
{BLKREFS
331
3D7
102
}
 70
     0
280
     1
281
     0
  0
BLOCK_RECORD
  5
3D8
330
1
100
AcDbSymbolTableRecord
100
AcDbBlockTableRecord
  2
CONN_HDR_2POS_100MILS_TH_176
340
0
102
{BLKREFS
331
3DB
102
}
 70
     0
280
     1
281
     0
  0
BLOCK_RECORD
  5
3DC
330
1
100
AcDbSymbolTableRecord
100
AcDbBlockTableRecord
  2
U_USON50P250X100_10_177
340
0
102
{BLKREFS
331
3DD
102
}
 70
     0
280
     1
281
     0
  0
BLOCK_RECORD
  5
3DE
330
1
100
AcDbSymbolTableRecord
100
AcDbBlockTableRecord
  2
U_MSOP50P300X500_10_RM_10__WO_TP_178
340
0
102
{BLKREFS
331
3DF
102
}
 70
     0
280
     1
281
     0
  0
BLOCK_RECORD
  5
3E0
330
1
100
AcDbSymbolTableRecord
100
AcDbBlockTableRecord
  2
SOIC_8_179
340
0
102
{BLKREFS
331
3E1
102
}
 70
     0
280
     1
281
     0
  0
BLOCK_RECORD
  5
3E2
330
1
100
AcDbSymbolTableRecord
100
AcDbBlockTableRecord
  2
R_3216_1206__180
340
0
102
{BLKREFS
331
3E3
102
}
 70
     0
280
     1
281
     0
  0
BLOCK_RECORD
  5
3E4
330
1
100
AcDbSymbolTableRecord
100
AcDbBlockTableRecord
  2
R_1005_0402__181
340
0
102
{BLKREFS
331
3E5
102
}
 70
     0
280
     1
281
     0
  0
BLOCK_RECORD
  5
3E6
330
1
100
AcDbSymbolTableRecord
100
AcDbBlockTableRecord
  2
R_1005_0402__182
340
0
102
{BLKREFS
331
3E7
102
}
 70
     0
280
     1
281
     0
  0
BLOCK_RECORD
  5
3E8
330
1
100
AcDbSymbolTableRecord
100
AcDbBlockTableRecord
  2
R_1005_0402__183
340
0
102
{BLKREFS
331
3E9
102
}
 70
     0
280
     1
281
     0
  0
BLOCK_RECORD
  5
3EA
330
1
100
AcDbSymbolTableRecord
100
AcDbBlockTableRecord
  2
R_1005_0402__184
340
0
102
{BLKREFS
331
3EB
102
}
 70
     0
280
     1
281
     0
  0
BLOCK_RECORD
  5
3EC
330
1
100
AcDbSymbolTableRecord
100
AcDbBlockTableRecord
  2
R_1005_0402__185
340
0
102
{BLKREFS
331
3ED
102
}
 70
     0
280
     1
281
     0
  0
BLOCK_RECORD
  5
3EE
330
1
100
AcDbSymbolTableRecord
100
AcDbBlockTableRecord
  2
R_1005_0402__186
340
0
102
{BLKREFS
331
3EF
102
}
 70
     0
280
     1
281
     0
  0
BLOCK_RECORD
  5
3F0
330
1
100
AcDbSymbolTableRecord
100
AcDbBlockTableRecord
  2
R_1005_0402__187
340
0
102
{BLKREFS
331
3F1
102
}
 70
     0
280
     1
281
     0
  0
BLOCK_RECORD
  5
3F2
330
1
100
AcDbSymbolTableRecord
100
AcDbBlockTableRecord
  2
R_1005_0402__188
340
0
102
{BLKREFS
331
3F3
102
}
 70
     0
280
     1
281
     0
  0
BLOCK_RECORD
  5
3F4
330
1
100
AcDbSymbolTableRecord
100
AcDbBlockTableRecord
  2
R_1005_0402__189
340
0
102
{BLKREFS
331
3F5
102
}
 70
     0
280
     1
281
     0
  0
BLOCK_RECORD
  5
3F6
330
1
100
AcDbSymbolTableRecord
100
AcDbBlockTableRecord
  2
R_1005_0402__190
340
0
102
{BLKREFS
331
3F7
102
}
 70
     0
280
     1
281
     0
  0
BLOCK_RECORD
  5
3F8
330
1
100
AcDbSymbolTableRecord
100
AcDbBlockTableRecord
  2
R_1005_0402__191
340
0
102
{BLKREFS
331
3F9
102
}
 70
     0
280
     1
281
     0
  0
BLOCK_RECORD
  5
3FA
330
1
100
AcDbSymbolTableRecord
100
AcDbBlockTableRecord
  2
TP_TH061_192
340
0
102
{BLKREFS
331
3FC
102
}
 70
     0
280
     1
281
     0
  0
BLOCK_RECORD
  5
3FD
330
1
100
AcDbSymbolTableRecord
100
AcDbBlockTableRecord
  2
C_1005_0402__193
340
0
102
{BLKREFS
331
3FE
102
}
 70
     0
280
     1
281
     0
  0
BLOCK_RECORD
  5
3FF
330
1
100
AcDbSymbolTableRecord
100
AcDbBlockTableRecord
  2
C_2012_0805__194
340
0
102
{BLKREFS
331
400
102
}
 70
     0
280
     1
281
     0
  0
BLOCK_RECORD
  5
401
330
1
100
AcDbSymbolTableRecord
100
AcDbBlockTableRecord
  2
C_1005_0402__195
340
0
102
{BLKREFS
331
402
102
}
 70
     0
280
     1
281
     0
  0
BLOCK_RECORD
  5
403
330
1
100
AcDbSymbolTableRecord
100
AcDbBlockTableRecord
  2
CONN_TERM_BLOCK_3POS_5___M____1_196
340
0
102
{BLKREFS
331
407
102
}
 70
     0
280
     1
281
     0
  0
BLOCK_RECORD
  5
408
330
1
100
AcDbSymbolTableRecord
100
AcDbBlockTableRecord
  2
R_POT_TH_TOP_197
340
0
102
{BLKREFS
331
40E
102
}
 70
     0
280
     1
281
     0
  0
BLOCK_RECORD
  5
40F
330
1
100
AcDbSymbolTableRecord
100
AcDbBlockTableRecord
  2
CONN_SKT_20POS_100MIL_198
340
0
102
{BLKREFS
331
426
102
}
 70
     0
280
     1
281
     0
  0
BLOCK_RECORD
  5
427
330
1
100
AcDbSymbolTableRecord
100
AcDbBlockTableRecord
  2
CONN_SKT_20POS_100MIL_199
340
0
102
{BLKREFS
331
43E
102
}
 70
     0
280
     1
281
     0
  0
BLOCK_RECORD
  5
43F
330
1
100
AcDbSymbolTableRecord
100
AcDbBlockTableRecord
  2
TP_TH061_200
340
0
102
{BLKREFS
331
441
102
}
 70
     0
280
     1
281
     0
  0
BLOCK_RECORD
  5
442
330
1
100
AcDbSymbolTableRecord
100
AcDbBlockTableRecord
  2
MIKROBUS_HOST_CONN__TH_201
340
0
102
{BLKREFS
331
453
102
}
 70
     0
280
     1
281
     0
  0
BLOCK_RECORD
  5
454
330
1
100
AcDbSymbolTableRecord
100
AcDbBlockTableRecord
  2
MIKROBUS_HOST_CONN__TH_202
340
0
102
{BLKREFS
331
465
102
}
 70
     0
280
     1
281
     0
  0
BLOCK_RECORD
  5
466
330
1
100
AcDbSymbolTableRecord
100
AcDbBlockTableRecord
  2
CONN_HEAD02X25_100MIL_203
340
0
102
{BLKREFS
331
499
102
}
 70
     0
280
     1
281
     0
  0
BLOCK_RECORD
  5
49A
330
1
100
AcDbSymbolTableRecord
100
AcDbBlockTableRecord
  2
CONN_HEAD02X25_100MIL_204
340
0
102
{BLKREFS
331
4CD
102
}
 70
     0
280
     1
281
     0
  0
BLOCK_RECORD
  5
4CE
330
1
100
AcDbSymbolTableRecord
100
AcDbBlockTableRecord
  2
CONN_SKT_2POS_100MILS_TH_205
340
0
102
{BLKREFS
331
4D1
102
}
 70
     0
280
     1
281
     0
  0
BLOCK_RECORD
  5
4D2
330
1
100
AcDbSymbolTableRecord
100
AcDbBlockTableRecord
  2
CONN_SKT_2POS_100MILS_TH_206
340
0
102
{BLKREFS
331
4D5
102
}
 70
     0
280
     1
281
     0
  0
ENDTAB
  0
ENDSEC
  0
SECTION
  2
BLOCKS
  0
BLOCK
  5
20
330
1F
100
AcDbEntity
  8
0
100
AcDbBlockBegin
  2
*Model_Space
 70
     0
 10
0.0
 20
0.0
 30
0.0
  3
*Model_Space
  1

  0
ENDBLK
  5
21
330
1F
100
AcDbEntity
  8
0
100
AcDbBlockEnd
  0
BLOCK
  5
1C
330
1B
100
AcDbEntity
 67
     1
  8
0
100
AcDbBlockBegin
  2
*Paper_Space
 70
     0
 10
0.0
 20
0.0
 30
0.0
  3
*Paper_Space
  1

  0
ENDBLK
  5
1D
330
1B
100
AcDbEntity
 67
     1
  8
0
100
AcDbBlockEnd
  0
BLOCK
  5
24
330
23
100
AcDbEntity
  8
0
100
AcDbBlockBegin
  2
*Paper_Space0
 70
     0
 10
0.0
 20
0.0
 30
0.0
  3
*Paper_Space0
  1

  0
ENDBLK
  5
25
330
23
100
AcDbEntity
  8
0
100
AcDbBlockEnd
  0
BLOCK
  5
4D6
330
2E0
100
AcDbEntity
  8
0
100
AcDbBlockBegin
  2
R_1005_0402__104
 70
     0
 10
0.0
 20
0.0
 30
0.0
  3
R_1005_0402__104
  1

  0
ENDBLK
  5
4D7
330
2E0
100
AcDbEntity
  8
0
100
AcDbBlockEnd
  0
BLOCK
  5
4D8
330
2E2
100
AcDbEntity
  8
0
100
AcDbBlockBegin
  2
TP_TH061_105
 70
     0
 10
0.0
 20
0.0
 30
0.0
  3
TP_TH061_105
  1

  0
CIRCLE
  5
2E3
330
2E2
100
AcDbEntity
  8
Pad Holes
100
AcDbCircle
 10
0.0
 20
0.0
 30
0.0
 40
0.30499812
  0
ENDBLK
  5
4D9
330
2E2
100
AcDbEntity
  8
0
100
AcDbBlockEnd
  0
BLOCK
  5
4DA
330
2E5
100
AcDbEntity
  8
0
100
AcDbBlockBegin
  2
TP_TH061_106
 70
     0
 10
0.0
 20
0.0
 30
0.0
  3
TP_TH061_106
  1

  0
CIRCLE
  5
2E6
330
2E5
100
AcDbEntity
  8
Pad Holes
100
AcDbCircle
 10
0.0
 20
0.0
 30
0.0
 40
0.30499812
  0
ENDBLK
  5
4DB
330
2E5
100
AcDbEntity
  8
0
100
AcDbBlockEnd
  0
BLOCK
  5
4DC
330
2E8
100
AcDbEntity
  8
0
100
AcDbBlockBegin
  2
C_2012_0805__107
 70
     0
 10
0.0
 20
0.0
 30
0.0
  3
C_2012_0805__107
  1

  0
ENDBLK
  5
4DD
330
2E8
100
AcDbEntity
  8
0
100
AcDbBlockEnd
  0
BLOCK
  5
4DE
330
2EA
100
AcDbEntity
  8
0
100
AcDbBlockBegin
  2
CONN_SKT_01X06_100MIL_108
 70
     0
 10
0.0
 20
0.0
 30
0.0
  3
CONN_SKT_01X06_100MIL_108
  1

  0
CIRCLE
  5
2EB
330
2EA
100
AcDbEntity
  8
Pad Holes
100
AcDbCircle
 10
-3.81000508
 20
0.0
 30
0.0
 40
0.499999
  0
CIRCLE
  5
2EC
330
2EA
100
AcDbEntity
  8
Pad Holes
100
AcDbCircle
 10
-6.350002539999999
 20
0.0
 30
0.0
 40
0.499999
  0
CIRCLE
  5
2ED
330
2EA
100
AcDbEntity
  8
Pad Holes
100
AcDbCircle
 10
6.35
 20
0.0
 30
0.0
 40
0.499999
  0
CIRCLE
  5
2EE
330
2EA
100
AcDbEntity
  8
Pad Holes
100
AcDbCircle
 10
1.26999746
 20
0.0
 30
0.0
 40
0.499999
  0
CIRCLE
  5
2EF
330
2EA
100
AcDbEntity
  8
Pad Holes
100
AcDbCircle
 10
-1.27000254
 20
0.0
 30
0.0
 40
0.499999
  0
CIRCLE
  5
2F0
330
2EA
100
AcDbEntity
  8
Pad Holes
100
AcDbCircle
 10
3.80999746
 20
0.0
 30
0.0
 40
0.499999
  0
ENDBLK
  5
4DF
330
2EA
100
AcDbEntity
  8
0
100
AcDbBlockEnd
  0
BLOCK
  5
4E0
330
2F2
100
AcDbEntity
  8
0
100
AcDbBlockBegin
  2
CONN_SKT_01X06_100MIL_109
 70
     0
 10
0.0
 20
0.0
 30
0.0
  3
CONN_SKT_01X06_100MIL_109
  1

  0
CIRCLE
  5
2F3
330
2F2
100
AcDbEntity
  8
Pad Holes
100
AcDbCircle
 10
6.35
 20
0.0
 30
0.0
 40
0.499999
  0
CIRCLE
  5
2F4
330
2F2
100
AcDbEntity
  8
Pad Holes
100
AcDbCircle
 10
3.81
 20
0.0
 30
0.0
 40
0.499999
  0
CIRCLE
  5
2F5
330
2F2
100
AcDbEntity
  8
Pad Holes
100
AcDbCircle
 10
-1.27000254
 20
0.0
 30
0.0
 40
0.499999
  0
CIRCLE
  5
2F6
330
2F2
100
AcDbEntity
  8
Pad Holes
100
AcDbCircle
 10
-6.35
 20
0.0
 30
0.0
 40
0.499999
  0
CIRCLE
  5
2F7
330
2F2
100
AcDbEntity
  8
Pad Holes
100
AcDbCircle
 10
1.26999746
 20
0.0
 30
0.0
 40
0.499999
  0
CIRCLE
  5
2F8
330
2F2
100
AcDbEntity
  8
Pad Holes
100
AcDbCircle
 10
-3.81
 20
0.0
 30
0.0
 40
0.499999
  0
ENDBLK
  5
4E1
330
2F2
100
AcDbEntity
  8
0
100
AcDbBlockEnd
  0
BLOCK
  5
4E2
330
2FA
100
AcDbEntity
  8
0
100
AcDbBlockBegin
  2
CONN_SKT_01X06_100MIL_110
 70
     0
 10
0.0
 20
0.0
 30
0.0
  3
CONN_SKT_01X06_100MIL_110
  1

  0
CIRCLE
  5
2FB
330
2FA
100
AcDbEntity
  8
Pad Holes
100
AcDbCircle
 10
6.35
 20
0.0
 30
0.0
 40
0.499999
  0
CIRCLE
  5
2FC
330
2FA
100
AcDbEntity
  8
Pad Holes
100
AcDbCircle
 10
3.81
 20
0.0
 30
0.0
 40
0.499999
  0
CIRCLE
  5
2FD
330
2FA
100
AcDbEntity
  8
Pad Holes
100
AcDbCircle
 10
-1.27000254
 20
0.0
 30
0.0
 40
0.499999
  0
CIRCLE
  5
2FE
330
2FA
100
AcDbEntity
  8
Pad Holes
100
AcDbCircle
 10
-6.35
 20
0.0
 30
0.0
 40
0.499999
  0
CIRCLE
  5
2FF
330
2FA
100
AcDbEntity
  8
Pad Holes
100
AcDbCircle
 10
1.27000254
 20
0.0
 30
0.0
 40
0.499999
  0
CIRCLE
  5
300
330
2FA
100
AcDbEntity
  8
Pad Holes
100
AcDbCircle
 10
-3.81
 20
0.0
 30
0.0
 40
0.499999
  0
ENDBLK
  5
4E3
330
2FA
100
AcDbEntity
  8
0
100
AcDbBlockEnd
  0
BLOCK
  5
4E4
330
302
100
AcDbEntity
  8
0
100
AcDbBlockBegin
  2
CONN_SKT_01X06_100MIL_111
 70
     0
 10
0.0
 20
0.0
 30
0.0
  3
CONN_SKT_01X06_100MIL_111
  1

  0
CIRCLE
  5
303
330
302
100
AcDbEntity
  8
Pad Holes
100
AcDbCircle
 10
6.35
 20
0.0
 30
0.0
 40
0.499999
  0
CIRCLE
  5
304
330
302
100
AcDbEntity
  8
Pad Holes
100
AcDbCircle
 10
3.81
 20
0.0
 30
0.0
 40
0.499999
  0
CIRCLE
  5
305
330
302
100
AcDbEntity
  8
Pad Holes
100
AcDbCircle
 10
-1.27000254
 20
0.0
 30
0.0
 40
0.499999
  0
CIRCLE
  5
306
330
302
100
AcDbEntity
  8
Pad Holes
100
AcDbCircle
 10
-6.35
 20
0.0
 30
0.0
 40
0.499999
  0
CIRCLE
  5
307
330
302
100
AcDbEntity
  8
Pad Holes
100
AcDbCircle
 10
1.27
 20
0.0
 30
0.0
 40
0.499999
  0
CIRCLE
  5
308
330
302
100
AcDbEntity
  8
Pad Holes
100
AcDbCircle
 10
-3.81
 20
0.0
 30
0.0
 40
0.499999
  0
ENDBLK
  5
4E5
330
302
100
AcDbEntity
  8
0
100
AcDbBlockEnd
  0
BLOCK
  5
4E6
330
30A
100
AcDbEntity
  8
0
100
AcDbBlockBegin
  2
CONN_SKT_01X06_100MIL_112
 70
     0
 10
0.0
 20
0.0
 30
0.0
  3
CONN_SKT_01X06_100MIL_112
  1

  0
CIRCLE
  5
30B
330
30A
100
AcDbEntity
  8
Pad Holes
100
AcDbCircle
 10
6.35
 20
0.0
 30
0.0
 40
0.499999
  0
CIRCLE
  5
30C
330
30A
100
AcDbEntity
  8
Pad Holes
100
AcDbCircle
 10
3.81
 20
0.0
 30
0.0
 40
0.499999
  0
CIRCLE
  5
30D
330
30A
100
AcDbEntity
  8
Pad Holes
100
AcDbCircle
 10
-1.27000254
 20
0.0
 30
0.0
 40
0.499999
  0
CIRCLE
  5
30E
330
30A
100
AcDbEntity
  8
Pad Holes
100
AcDbCircle
 10
-6.35
 20
0.0
 30
0.0
 40
0.499999
  0
CIRCLE
  5
30F
330
30A
100
AcDbEntity
  8
Pad Holes
100
AcDbCircle
 10
1.27
 20
0.0
 30
0.0
 40
0.499999
  0
CIRCLE
  5
310
330
30A
100
AcDbEntity
  8
Pad Holes
100
AcDbCircle
 10
-3.81
 20
0.0
 30
0.0
 40
0.499999
  0
ENDBLK
  5
4E7
330
30A
100
AcDbEntity
  8
0
100
AcDbBlockEnd
  0
BLOCK
  5
4E8
330
312
100
AcDbEntity
  8
0
100
AcDbBlockBegin
  2
R_1005_0402__113
 70
     0
 10
0.0
 20
0.0
 30
0.0
  3
R_1005_0402__113
  1

  0
ENDBLK
  5
4E9
330
312
100
AcDbEntity
  8
0
100
AcDbBlockEnd
  0
BLOCK
  5
4EA
330
314
100
AcDbEntity
  8
0
100
AcDbBlockBegin
  2
R_1005_0402__114
 70
     0
 10
0.0
 20
0.0
 30
0.0
  3
R_1005_0402__114
  1

  0
ENDBLK
  5
4EB
330
314
100
AcDbEntity
  8
0
100
AcDbBlockEnd
  0
BLOCK
  5
4EC
330
316
100
AcDbEntity
  8
0
100
AcDbBlockBegin
  2
TP_TH061_115
 70
     0
 10
0.0
 20
0.0
 30
0.0
  3
TP_TH061_115
  1

  0
CIRCLE
  5
317
330
316
100
AcDbEntity
  8
Pad Holes
100
AcDbCircle
 10
0.0
 20
0.0
 30
0.0
 40
0.30499812
  0
ENDBLK
  5
4ED
330
316
100
AcDbEntity
  8
0
100
AcDbBlockEnd
  0
BLOCK
  5
4EE
330
319
100
AcDbEntity
  8
0
100
AcDbBlockBegin
  2
SOD323_116
 70
     0
 10
0.0
 20
0.0
 30
0.0
  3
SOD323_116
  1

  0
ENDBLK
  5
4EF
330
319
100
AcDbEntity
  8
0
100
AcDbBlockEnd
  0
BLOCK
  5
4F0
330
31B
100
AcDbEntity
  8
0
100
AcDbBlockBegin
  2
SOD323_117
 70
     0
 10
0.0
 20
0.0
 30
0.0
  3
SOD323_117
  1

  0
ENDBLK
  5
4F1
330
31B
100
AcDbEntity
  8
0
100
AcDbBlockEnd
  0
BLOCK
  5
4F2
330
31D
100
AcDbEntity
  8
0
100
AcDbBlockBegin
  2
SOD323_118
 70
     0
 10
0.0
 20
0.0
 30
0.0
  3
SOD323_118
  1

  0
ENDBLK
  5
4F3
330
31D
100
AcDbEntity
  8
0
100
AcDbBlockEnd
  0
BLOCK
  5
4F4
330
31F
100
AcDbEntity
  8
0
100
AcDbBlockBegin
  2
CONN_TERM_BLOCK_2POS_5___M____1_119
 70
     0
 10
0.0
 20
0.0
 30
0.0
  3
CONN_TERM_BLOCK_2POS_5___M____1_119
  1

  0
CIRCLE
  5
320
330
31F
100
AcDbEntity
  8
Pad Holes
100
AcDbCircle
 10
-2.50000008
 20
0.0
 30
0.0
 40
0.6499986999999999
  0
CIRCLE
  5
321
330
31F
100
AcDbEntity
  8
Pad Holes
100
AcDbCircle
 10
2.50000262
 20
0.0
 30
0.0
 40
0.6499986999999999
  0
ENDBLK
  5
4F5
330
31F
100
AcDbEntity
  8
0
100
AcDbBlockEnd
  0
BLOCK
  5
4F6
330
323
100
AcDbEntity
  8
0
100
AcDbBlockBegin
  2
TP_TH061_120
 70
     0
 10
0.0
 20
0.0
 30
0.0
  3
TP_TH061_120
  1

  0
CIRCLE
  5
324
330
323
100
AcDbEntity
  8
Pad Holes
100
AcDbCircle
 10
0.0
 20
0.0
 30
0.0
 40
0.30499812
  0
ENDBLK
  5
4F7
330
323
100
AcDbEntity
  8
0
100
AcDbBlockEnd
  0
BLOCK
  5
4F8
330
326
100
AcDbEntity
  8
0
100
AcDbBlockBegin
  2
TP_TH061_121
 70
     0
 10
0.0
 20
0.0
 30
0.0
  3
TP_TH061_121
  1

  0
CIRCLE
  5
327
330
326
100
AcDbEntity
  8
Pad Holes
100
AcDbCircle
 10
0.0
 20
0.0
 30
0.0
 40
0.30499812
  0
ENDBLK
  5
4F9
330
326
100
AcDbEntity
  8
0
100
AcDbBlockEnd
  0
BLOCK
  5
4FA
330
329
100
AcDbEntity
  8
0
100
AcDbBlockBegin
  2
MP_M_H____M2_5_0_45___LOOSE_FIT_122
 70
     0
 10
0.0
 20
0.0
 30
0.0
  3
MP_M_H____M2_5_0_45___LOOSE_FIT_122
  1

  0
CIRCLE
  5
32A
330
329
100
AcDbEntity
  8
Pad Holes
100
AcDbCircle
 10
0.0
 20
0.0
 30
0.0
 40
1.42499842
  0
ENDBLK
  5
4FB
330
329
100
AcDbEntity
  8
0
100
AcDbBlockEnd
  0
BLOCK
  5
4FC
330
32C
100
AcDbEntity
  8
0
100
AcDbBlockBegin
  2
MP_M_H____M2_5_0_45___LOOSE_FIT_123
 70
     0
 10
0.0
 20
0.0
 30
0.0
  3
MP_M_H____M2_5_0_45___LOOSE_FIT_123
  1

  0
CIRCLE
  5
32D
330
32C
100
AcDbEntity
  8
Pad Holes
100
AcDbCircle
 10
0.0
 20
0.0
 30
0.0
 40
1.42499842
  0
ENDBLK
  5
4FD
330
32C
100
AcDbEntity
  8
0
100
AcDbBlockEnd
  0
BLOCK
  5
4FE
330
32F
100
AcDbEntity
  8
0
100
AcDbBlockBegin
  2
CONN_DC_JACK_RA_124
 70
     0
 10
0.0
 20
0.0
 30
0.0
  3
CONN_DC_JACK_RA_124
  1

  0
ARC
  5
330
330
32F
100
AcDbEntity
  8
Pad Holes
100
AcDbCircle
 10
1.10000034
 20
0.5499963600000002
 30
0.0
 40
0.3999992
100
AcDbArc
 50
270.0
 51
90.0
  0
LINE
  5
331
330
32F
100
AcDbEntity
  8
Pad Holes
100
AcDbLine
 10
1.10000034
 20
0.9499955600000002
 30
0.0
 11
-1.10000034
 21
0.9499955599999999
 31
0.0
  0
ARC
  5
332
330
32F
100
AcDbEntity
  8
Pad Holes
100
AcDbCircle
 10
-1.10000034
 20
0.5499963599999997
 30
0.0
 40
0.3999992
100
AcDbArc
 50
90.0
 51
270.0
  0
LINE
  5
333
330
32F
100
AcDbEntity
  8
Pad Holes
100
AcDbLine
 10
-1.10000034
 20
0.1499971599999998
 30
0.0
 11
1.10000034
 21
0.1499971600000001
 31
0.0
  0
ARC
  5
334
330
32F
100
AcDbEntity
  8
Pad Holes
100
AcDbCircle
 10
1.10000034
 20
6.35
 30
0.0
 40
0.3999992
100
AcDbArc
 50
270.0
 51
90.0
  0
LINE
  5
335
330
32F
100
AcDbEntity
  8
Pad Holes
100
AcDbLine
 10
1.10000034
 20
6.7499992
 30
0.0
 11
-1.10000034
 21
6.7499992
 31
0.0
  0
ARC
  5
336
330
32F
100
AcDbEntity
  8
Pad Holes
100
AcDbCircle
 10
-1.10000034
 20
6.35
 30
0.0
 40
0.3999992
100
AcDbArc
 50
90.0
 51
270.0
  0
LINE
  5
337
330
32F
100
AcDbEntity
  8
Pad Holes
100
AcDbLine
 10
-1.10000034
 20
5.9500008
 30
0.0
 11
1.10000034
 21
5.9500008
 31
0.0
  0
ARC
  5
338
330
32F
100
AcDbEntity
  8
Pad Holes
100
AcDbCircle
 10
4.800000559999999
 20
4.44999872
 30
0.0
 40
0.3999992
100
AcDbArc
 50
0.0
 51
180.0
  0
LINE
  5
339
330
32F
100
AcDbEntity
  8
Pad Holes
100
AcDbLine
 10
4.40000136
 20
4.44999872
 30
0.0
 11
4.40000136
 21
2.24999804
 31
0.0
  0
ARC
  5
33A
330
32F
100
AcDbEntity
  8
Pad Holes
100
AcDbCircle
 10
4.800000559999999
 20
2.24999804
 30
0.0
 40
0.3999992
100
AcDbArc
 50
180.0
 51
0.0
  0
LINE
  5
33B
330
32F
100
AcDbEntity
  8
Pad Holes
100
AcDbLine
 10
5.19999976
 20
2.24999804
 30
0.0
 11
5.19999976
 21
4.44999872
 31
0.0
  0
ENDBLK
  5
4FF
330
32F
100
AcDbEntity
  8
0
100
AcDbBlockEnd
  0
BLOCK
  5
500
330
33D
100
AcDbEntity
  8
0
100
AcDbBlockBegin
  2
C_2012_0805__125
 70
     0
 10
0.0
 20
0.0
 30
0.0
  3
C_2012_0805__125
  1

  0
ENDBLK
  5
501
330
33D
100
AcDbEntity
  8
0
100
AcDbBlockEnd
  0
BLOCK
  5
502
330
33F
100
AcDbEntity
  8
0
100
AcDbBlockBegin
  2
C_1005_0402__126
 70
     0
 10
0.0
 20
0.0
 30
0.0
  3
C_1005_0402__126
  1

  0
ENDBLK
  5
503
330
33F
100
AcDbEntity
  8
0
100
AcDbBlockEnd
  0
BLOCK
  5
504
330
341
100
AcDbEntity
  8
0
100
AcDbBlockBegin
  2
C_1005_0402__127
 70
     0
 10
0.0
 20
0.0
 30
0.0
  3
C_1005_0402__127
  1

  0
ENDBLK
  5
505
330
341
100
AcDbEntity
  8
0
100
AcDbBlockEnd
  0
BLOCK
  5
506
330
343
100
AcDbEntity
  8
0
100
AcDbBlockBegin
  2
C_2012_0805__128
 70
     0
 10
0.0
 20
0.0
 30
0.0
  3
C_2012_0805__128
  1

  0
ENDBLK
  5
507
330
343
100
AcDbEntity
  8
0
100
AcDbBlockEnd
  0
BLOCK
  5
508
330
345
100
AcDbEntity
  8
0
100
AcDbBlockBegin
  2
C_1005_0402__129
 70
     0
 10
0.0
 20
0.0
 30
0.0
  3
C_1005_0402__129
  1

  0
ENDBLK
  5
509
330
345
100
AcDbEntity
  8
0
100
AcDbBlockEnd
  0
BLOCK
  5
50A
330
347
100
AcDbEntity
  8
0
100
AcDbBlockBegin
  2
C_2012_0805__130
 70
     0
 10
0.0
 20
0.0
 30
0.0
  3
C_2012_0805__130
  1

  0
ENDBLK
  5
50B
330
347
100
AcDbEntity
  8
0
100
AcDbBlockEnd
  0
BLOCK
  5
50C
330
349
100
AcDbEntity
  8
0
100
AcDbBlockBegin
  2
TP_TH061_131
 70
     0
 10
0.0
 20
0.0
 30
0.0
  3
TP_TH061_131
  1

  0
CIRCLE
  5
34A
330
349
100
AcDbEntity
  8
Pad Holes
100
AcDbCircle
 10
0.0
 20
0.0
 30
0.0
 40
0.30499812
  0
ENDBLK
  5
50D
330
349
100
AcDbEntity
  8
0
100
AcDbBlockEnd
  0
BLOCK
  5
50E
330
34C
100
AcDbEntity
  8
0
100
AcDbBlockBegin
  2
TP_TH061_132
 70
     0
 10
0.0
 20
0.0
 30
0.0
  3
TP_TH061_132
  1

  0
CIRCLE
  5
34D
330
34C
100
AcDbEntity
  8
Pad Holes
100
AcDbCircle
 10
0.0
 20
0.0
 30
0.0
 40
0.30499812
  0
ENDBLK
  5
50F
330
34C
100
AcDbEntity
  8
0
100
AcDbBlockEnd
  0
BLOCK
  5
510
330
34F
100
AcDbEntity
  8
0
100
AcDbBlockBegin
  2
TP_TH061_133
 70
     0
 10
0.0
 20
0.0
 30
0.0
  3
TP_TH061_133
  1

  0
CIRCLE
  5
350
330
34F
100
AcDbEntity
  8
Pad Holes
100
AcDbCircle
 10
0.0
 20
0.0
 30
0.0
 40
0.30499812
  0
ENDBLK
  5
511
330
34F
100
AcDbEntity
  8
0
100
AcDbBlockEnd
  0
BLOCK
  5
512
330
352
100
AcDbEntity
  8
0
100
AcDbBlockBegin
  2
TP_TH061_134
 70
     0
 10
0.0
 20
0.0
 30
0.0
  3
TP_TH061_134
  1

  0
CIRCLE
  5
353
330
352
100
AcDbEntity
  8
Pad Holes
100
AcDbCircle
 10
0.0
 20
0.0
 30
0.0
 40
0.30499812
  0
ENDBLK
  5
513
330
352
100
AcDbEntity
  8
0
100
AcDbBlockEnd
  0
BLOCK
  5
514
330
355
100
AcDbEntity
  8
0
100
AcDbBlockBegin
  2
P_CONN_HDR_1ROW_6POS_RA_100MIL_135
 70
     0
 10
0.0
 20
0.0
 30
0.0
  3
P_CONN_HDR_1ROW_6POS_RA_100MIL_135
  1

  0
CIRCLE
  5
356
330
355
100
AcDbEntity
  8
Pad Holes
100
AcDbCircle
 10
-3.81
 20
0.0
 30
0.0
 40
0.499999
  0
CIRCLE
  5
357
330
355
100
AcDbEntity
  8
Pad Holes
100
AcDbCircle
 10
-1.27000254
 20
0.0
 30
0.0
 40
0.499999
  0
CIRCLE
  5
358
330
355
100
AcDbEntity
  8
Pad Holes
100
AcDbCircle
 10
3.81
 20
0.0
 30
0.0
 40
0.499999
  0
CIRCLE
  5
359
330
355
100
AcDbEntity
  8
Pad Holes
100
AcDbCircle
 10
-6.35
 20
0.0
 30
0.0
 40
0.499999
  0
CIRCLE
  5
35A
330
355
100
AcDbEntity
  8
Pad Holes
100
AcDbCircle
 10
1.27
 20
0.0
 30
0.0
 40
0.499999
  0
CIRCLE
  5
35B
330
355
100
AcDbEntity
  8
Pad Holes
100
AcDbCircle
 10
6.35
 20
0.0
 30
0.0
 40
0.499999
  0
ENDBLK
  5
515
330
355
100
AcDbEntity
  8
0
100
AcDbBlockEnd
  0
BLOCK
  5
516
330
35D
100
AcDbEntity
  8
0
100
AcDbBlockBegin
  2
C_1005_0402__136
 70
     0
 10
0.0
 20
0.0
 30
0.0
  3
C_1005_0402__136
  1

  0
ENDBLK
  5
517
330
35D
100
AcDbEntity
  8
0
100
AcDbBlockEnd
  0
BLOCK
  5
518
330
35F
100
AcDbEntity
  8
0
100
AcDbBlockBegin
  2
C_1005_0402__137
 70
     0
 10
0.0
 20
0.0
 30
0.0
  3
C_1005_0402__137
  1

  0
ENDBLK
  5
519
330
35F
100
AcDbEntity
  8
0
100
AcDbBlockEnd
  0
BLOCK
  5
51A
330
361
100
AcDbEntity
  8
0
100
AcDbBlockBegin
  2
C_1005_0402__138
 70
     0
 10
0.0
 20
0.0
 30
0.0
  3
C_1005_0402__138
  1

  0
ENDBLK
  5
51B
330
361
100
AcDbEntity
  8
0
100
AcDbBlockEnd
  0
BLOCK
  5
51C
330
363
100
AcDbEntity
  8
0
100
AcDbBlockBegin
  2
C_1005_0402__139
 70
     0
 10
0.0
 20
0.0
 30
0.0
  3
C_1005_0402__139
  1

  0
ENDBLK
  5
51D
330
363
100
AcDbEntity
  8
0
100
AcDbBlockEnd
  0
BLOCK
  5
51E
330
365
100
AcDbEntity
  8
0
100
AcDbBlockBegin
  2
R_3216_1206__140
 70
     0
 10
0.0
 20
0.0
 30
0.0
  3
R_3216_1206__140
  1

  0
ENDBLK
  5
51F
330
365
100
AcDbEntity
  8
0
100
AcDbBlockEnd
  0
BLOCK
  5
520
330
367
100
AcDbEntity
  8
0
100
AcDbBlockBegin
  2
C_2012_0805__141
 70
     0
 10
0.0
 20
0.0
 30
0.0
  3
C_2012_0805__141
  1

  0
ENDBLK
  5
521
330
367
100
AcDbEntity
  8
0
100
AcDbBlockEnd
  0
BLOCK
  5
522
330
369
100
AcDbEntity
  8
0
100
AcDbBlockBegin
  2
C_2012_0805__142
 70
     0
 10
0.0
 20
0.0
 30
0.0
  3
C_2012_0805__142
  1

  0
ENDBLK
  5
523
330
369
100
AcDbEntity
  8
0
100
AcDbBlockEnd
  0
BLOCK
  5
524
330
36B
100
AcDbEntity
  8
0
100
AcDbBlockBegin
  2
C_2012_0805__143
 70
     0
 10
0.0
 20
0.0
 30
0.0
  3
C_2012_0805__143
  1

  0
ENDBLK
  5
525
330
36B
100
AcDbEntity
  8
0
100
AcDbBlockEnd
  0
BLOCK
  5
526
330
36D
100
AcDbEntity
  8
0
100
AcDbBlockBegin
  2
C_2012_0805__144
 70
     0
 10
0.0
 20
0.0
 30
0.0
  3
C_2012_0805__144
  1

  0
ENDBLK
  5
527
330
36D
100
AcDbEntity
  8
0
100
AcDbBlockEnd
  0
BLOCK
  5
528
330
36F
100
AcDbEntity
  8
0
100
AcDbBlockBegin
  2
C_2012_0805__145
 70
     0
 10
0.0
 20
0.0
 30
0.0
  3
C_2012_0805__145
  1

  0
ENDBLK
  5
529
330
36F
100
AcDbEntity
  8
0
100
AcDbBlockEnd
  0
BLOCK
  5
52A
330
371
100
AcDbEntity
  8
0
100
AcDbBlockBegin
  2
C_2012_0805__146
 70
     0
 10
0.0
 20
0.0
 30
0.0
  3
C_2012_0805__146
  1

  0
ENDBLK
  5
52B
330
371
100
AcDbEntity
  8
0
100
AcDbBlockEnd
  0
BLOCK
  5
52C
330
373
100
AcDbEntity
  8
0
100
AcDbBlockBegin
  2
C_2012_0805__147
 70
     0
 10
0.0
 20
0.0
 30
0.0
  3
C_2012_0805__147
  1

  0
ENDBLK
  5
52D
330
373
100
AcDbEntity
  8
0
100
AcDbBlockEnd
  0
BLOCK
  5
52E
330
375
100
AcDbEntity
  8
0
100
AcDbBlockBegin
  2
SOT_223_148
 70
     0
 10
0.0
 20
0.0
 30
0.0
  3
SOT_223_148
  1

  0
LINE
  5
376
330
375
100
AcDbEntity
  8
Top Component Center
100
AcDbLine
 10
-0.499999
 20
0.0
 30
0.0
 11
0.499999
 21
0.0
 31
0.0
  0
LINE
  5
377
330
375
100
AcDbEntity
  8
Top Component Center
100
AcDbLine
 10
0.0
 20
-0.499999
 30
0.0
 11
0.0
 21
0.499999
 31
0.0
  0
ENDBLK
  5
52F
330
375
100
AcDbEntity
  8
0
100
AcDbBlockEnd
  0
BLOCK
  5
530
330
379
100
AcDbEntity
  8
0
100
AcDbBlockBegin
  2
U_TSSOP65P660X450_20_149
 70
     0
 10
0.0
 20
0.0
 30
0.0
  3
U_TSSOP65P660X450_20_149
  1

  0
ENDBLK
  5
531
330
379
100
AcDbEntity
  8
0
100
AcDbBlockEnd
  0
BLOCK
  5
532
330
37B
100
AcDbEntity
  8
0
100
AcDbBlockBegin
  2
U_TSSOP65P660X450_20_150
 70
     0
 10
0.0
 20
0.0
 30
0.0
  3
U_TSSOP65P660X450_20_150
  1

  0
ENDBLK
  5
533
330
37B
100
AcDbEntity
  8
0
100
AcDbBlockEnd
  0
BLOCK
  5
534
330
37D
100
AcDbEntity
  8
0
100
AcDbBlockBegin
  2
SOD323_151
 70
     0
 10
0.0
 20
0.0
 30
0.0
  3
SOD323_151
  1

  0
ENDBLK
  5
535
330
37D
100
AcDbEntity
  8
0
100
AcDbBlockEnd
  0
BLOCK
  5
536
330
37F
100
AcDbEntity
  8
0
100
AcDbBlockBegin
  2
C_1005_0402__152
 70
     0
 10
0.0
 20
0.0
 30
0.0
  3
C_1005_0402__152
  1

  0
ENDBLK
  5
537
330
37F
100
AcDbEntity
  8
0
100
AcDbBlockEnd
  0
BLOCK
  5
538
330
381
100
AcDbEntity
  8
0
100
AcDbBlockBegin
  2
C_2012_0805__153
 70
     0
 10
0.0
 20
0.0
 30
0.0
  3
C_2012_0805__153
  1

  0
ENDBLK
  5
539
330
381
100
AcDbEntity
  8
0
100
AcDbBlockEnd
  0
BLOCK
  5
53A
330
383
100
AcDbEntity
  8
0
100
AcDbBlockBegin
  2
C_2012_0805__154
 70
     0
 10
0.0
 20
0.0
 30
0.0
  3
C_2012_0805__154
  1

  0
ENDBLK
  5
53B
330
383
100
AcDbEntity
  8
0
100
AcDbBlockEnd
  0
BLOCK
  5
53C
330
385
100
AcDbEntity
  8
0
100
AcDbBlockBegin
  2
C_1005_0402__155
 70
     0
 10
0.0
 20
0.0
 30
0.0
  3
C_1005_0402__155
  1

  0
ENDBLK
  5
53D
330
385
100
AcDbEntity
  8
0
100
AcDbBlockEnd
  0
BLOCK
  5
53E
330
387
100
AcDbEntity
  8
0
100
AcDbBlockBegin
  2
C_2012_0805__156
 70
     0
 10
0.0
 20
0.0
 30
0.0
  3
C_2012_0805__156
  1

  0
ENDBLK
  5
53F
330
387
100
AcDbEntity
  8
0
100
AcDbBlockEnd
  0
BLOCK
  5
540
330
389
100
AcDbEntity
  8
0
100
AcDbBlockBegin
  2
C_2012_0805__157
 70
     0
 10
0.0
 20
0.0
 30
0.0
  3
C_2012_0805__157
  1

  0
ENDBLK
  5
541
330
389
100
AcDbEntity
  8
0
100
AcDbBlockEnd
  0
BLOCK
  5
542
330
38B
100
AcDbEntity
  8
0
100
AcDbBlockBegin
  2
R_1005_0402__158
 70
     0
 10
0.0
 20
0.0
 30
0.0
  3
R_1005_0402__158
  1

  0
ENDBLK
  5
543
330
38B
100
AcDbEntity
  8
0
100
AcDbBlockEnd
  0
BLOCK
  5
544
330
38D
100
AcDbEntity
  8
0
100
AcDbBlockBegin
  2
R_1005_0402__159
 70
     0
 10
0.0
 20
0.0
 30
0.0
  3
R_1005_0402__159
  1

  0
ENDBLK
  5
545
330
38D
100
AcDbEntity
  8
0
100
AcDbBlockEnd
  0
BLOCK
  5
546
330
38F
100
AcDbEntity
  8
0
100
AcDbBlockBegin
  2
SOD323_160
 70
     0
 10
0.0
 20
0.0
 30
0.0
  3
SOD323_160
  1

  0
ENDBLK
  5
547
330
38F
100
AcDbEntity
  8
0
100
AcDbBlockEnd
  0
BLOCK
  5
548
330
391
100
AcDbEntity
  8
0
100
AcDbBlockBegin
  2
R_1005_0402__161
 70
     0
 10
0.0
 20
0.0
 30
0.0
  3
R_1005_0402__161
  1

  0
ENDBLK
  5
549
330
391
100
AcDbEntity
  8
0
100
AcDbBlockEnd
  0
BLOCK
  5
54A
330
393
100
AcDbEntity
  8
0
100
AcDbBlockBegin
  2
R_1005_0402__162
 70
     0
 10
0.0
 20
0.0
 30
0.0
  3
R_1005_0402__162
  1

  0
ENDBLK
  5
54B
330
393
100
AcDbEntity
  8
0
100
AcDbBlockEnd
  0
BLOCK
  5
54C
330
395
100
AcDbEntity
  8
0
100
AcDbBlockBegin
  2
MP_M_H_____4_40_LOOSE_FIT_163
 70
     0
 10
0.0
 20
0.0
 30
0.0
  3
MP_M_H_____4_40_LOOSE_FIT_163
  1

  0
CIRCLE
  5
396
330
395
100
AcDbEntity
  8
Pad Holes
100
AcDbCircle
 10
0.0
 20
0.0
 30
0.0
 40
1.84999884
  0
ENDBLK
  5
54D
330
395
100
AcDbEntity
  8
0
100
AcDbBlockEnd
  0
BLOCK
  5
54E
330
398
100
AcDbEntity
  8
0
100
AcDbBlockBegin
  2
MP_M_H_____4_40_LOOSE_FIT_164
 70
     0
 10
0.0
 20
0.0
 30
0.0
  3
MP_M_H_____4_40_LOOSE_FIT_164
  1

  0
CIRCLE
  5
399
330
398
100
AcDbEntity
  8
Pad Holes
100
AcDbCircle
 10
0.0
 20
0.0
 30
0.0
 40
1.84999884
  0
ENDBLK
  5
54F
330
398
100
AcDbEntity
  8
0
100
AcDbBlockEnd
  0
BLOCK
  5
550
330
39B
100
AcDbEntity
  8
0
100
AcDbBlockBegin
  2
MP_M_H_____4_40_LOOSE_FIT_165
 70
     0
 10
0.0
 20
0.0
 30
0.0
  3
MP_M_H_____4_40_LOOSE_FIT_165
  1

  0
CIRCLE
  5
39C
330
39B
100
AcDbEntity
  8
Pad Holes
100
AcDbCircle
 10
0.0
 20
0.0
 30
0.0
 40
1.84999884
  0
ENDBLK
  5
551
330
39B
100
AcDbEntity
  8
0
100
AcDbBlockEnd
  0
BLOCK
  5
552
330
39E
100
AcDbEntity
  8
0
100
AcDbBlockBegin
  2
MP_M_H_____4_40_LOOSE_FIT_166
 70
     0
 10
0.0
 20
0.0
 30
0.0
  3
MP_M_H_____4_40_LOOSE_FIT_166
  1

  0
CIRCLE
  5
39F
330
39E
100
AcDbEntity
  8
Pad Holes
100
AcDbCircle
 10
0.0
 20
0.0
 30
0.0
 40
1.84999884
  0
ENDBLK
  5
553
330
39E
100
AcDbEntity
  8
0
100
AcDbBlockEnd
  0
BLOCK
  5
554
330
3A1
100
AcDbEntity
  8
0
100
AcDbBlockBegin
  2
MP_M_H_____4_40_LOOSE_FIT_167
 70
     0
 10
0.0
 20
0.0
 30
0.0
  3
MP_M_H_____4_40_LOOSE_FIT_167
  1

  0
CIRCLE
  5
3A2
330
3A1
100
AcDbEntity
  8
Pad Holes
100
AcDbCircle
 10
0.0
 20
0.0
 30
0.0
 40
1.84999884
  0
ENDBLK
  5
555
330
3A1
100
AcDbEntity
  8
0
100
AcDbBlockEnd
  0
BLOCK
  5
556
330
3A4
100
AcDbEntity
  8
0
100
AcDbBlockBegin
  2
MP_M_H____M2_5_0_45___LOOSE_FIT_168
 70
     0
 10
0.0
 20
0.0
 30
0.0
  3
MP_M_H____M2_5_0_45___LOOSE_FIT_168
  1

  0
CIRCLE
  5
3A5
330
3A4
100
AcDbEntity
  8
Pad Holes
100
AcDbCircle
 10
0.0
 20
0.0
 30
0.0
 40
1.42499842
  0
ENDBLK
  5
557
330
3A4
100
AcDbEntity
  8
0
100
AcDbBlockEnd
  0
BLOCK
  5
558
330
3A7
100
AcDbEntity
  8
0
100
AcDbBlockBegin
  2
MP_M_H____M2_5_0_45___LOOSE_FIT_169
 70
     0
 10
0.0
 20
0.0
 30
0.0
  3
MP_M_H____M2_5_0_45___LOOSE_FIT_169
  1

  0
CIRCLE
  5
3A8
330
3A7
100
AcDbEntity
  8
Pad Holes
100
AcDbCircle
 10
0.0
 20
0.0
 30
0.0
 40
1.42499842
  0
ENDBLK
  5
559
330
3A7
100
AcDbEntity
  8
0
100
AcDbBlockEnd
  0
BLOCK
  5
55A
330
3AA
100
AcDbEntity
  8
0
100
AcDbBlockBegin
  2
MP_M_H____M2_5_0_45___LOOSE_FIT_170
 70
     0
 10
0.0
 20
0.0
 30
0.0
  3
MP_M_H____M2_5_0_45___LOOSE_FIT_170
  1

  0
CIRCLE
  5
3AB
330
3AA
100
AcDbEntity
  8
Pad Holes
100
AcDbCircle
 10
0.0
 20
0.0
 30
0.0
 40
1.42499842
  0
ENDBLK
  5
55B
330
3AA
100
AcDbEntity
  8
0
100
AcDbBlockEnd
  0
BLOCK
  5
55C
330
3AD
100
AcDbEntity
  8
0
100
AcDbBlockBegin
  2
MP_M_H____M2_5_0_45___LOOSE_FIT_171
 70
     0
 10
0.0
 20
0.0
 30
0.0
  3
MP_M_H____M2_5_0_45___LOOSE_FIT_171
  1

  0
CIRCLE
  5
3AE
330
3AD
100
AcDbEntity
  8
Pad Holes
100
AcDbCircle
 10
0.0
 20
0.0
 30
0.0
 40
1.42499842
  0
ENDBLK
  5
55D
330
3AD
100
AcDbEntity
  8
0
100
AcDbBlockEnd
  0
BLOCK
  5
55E
330
3B0
100
AcDbEntity
  8
0
100
AcDbBlockBegin
  2
R_1005_0402__172
 70
     0
 10
0.0
 20
0.0
 30
0.0
  3
R_1005_0402__172
  1

  0
ENDBLK
  5
55F
330
3B0
100
AcDbEntity
  8
0
100
AcDbBlockEnd
  0
BLOCK
  5
560
330
3B2
100
AcDbEntity
  8
0
100
AcDbBlockBegin
  2
FP_USB4085_GF_A_MFG_173
 70
     0
 10
0.0
 20
0.0
 30
0.0
  3
FP_USB4085_GF_A_MFG_173
  1

  0
ARC
  5
3B3
330
3B2
100
AcDbEntity
  8
Pad Holes
100
AcDbCircle
 10
-4.32500024
 20
2.29499922
 30
0.0
 40
0.2999994
100
AcDbArc
 50
180.0
 51
0.0
  0
LINE
  5
3B4
330
3B2
100
AcDbEntity
  8
Pad Holes
100
AcDbLine
 10
-4.02500084
 20
2.29499922
 30
0.0
 11
-4.02500084
 21
3.7950013
 31
0.0
  0
ARC
  5
3B5
330
3B2
100
AcDbEntity
  8
Pad Holes
100
AcDbCircle
 10
-4.32500024
 20
3.7950013
 30
0.0
 40
0.2999994
100
AcDbArc
 50
0.0
 51
180.0
  0
LINE
  5
3B6
330
3B2
100
AcDbEntity
  8
Pad Holes
100
AcDbLine
 10
-4.62499964
 20
3.7950013
 30
0.0
 11
-4.62499964
 21
2.29499922
 31
0.0
  0
ARC
  5
3B7
330
3B2
100
AcDbEntity
  8
Pad Holes
100
AcDbCircle
 10
-4.32500024
 20
-0.7350010699999999
 30
0.0
 40
0.2999994
100
AcDbArc
 50
180.0
 51
0.0
  0
LINE
  5
3B8
330
3B2
100
AcDbEntity
  8
Pad Holes
100
AcDbLine
 10
-4.02500084
 20
-0.7350010699999999
 30
0.0
 11
-4.02500084
 21
0.06499987
 31
0.0
  0
ARC
  5
3B9
330
3B2
100
AcDbEntity
  8
Pad Holes
100
AcDbCircle
 10
-4.32500024
 20
0.06499987
 30
0.0
 40
0.2999994
100
AcDbArc
 50
0.0
 51
180.0
  0
LINE
  5
3BA
330
3B2
100
AcDbEntity
  8
Pad Holes
100
AcDbLine
 10
-4.62499964
 20
0.06499987
 30
0.0
 11
-4.62499964
 21
-0.7350010699999999
 31
0.0
  0
CIRCLE
  5
3BB
330
3B2
100
AcDbEntity
  8
Pad Holes
100
AcDbCircle
 10
-2.97499786
 20
2.675001
 30
0.0
 40
0.1999996
  0
CIRCLE
  5
3BC
330
3B2
100
AcDbEntity
  8
Pad Holes
100
AcDbCircle
 10
-2.9750004
 20
4.02500084
 30
0.0
 40
0.1999996
  0
CIRCLE
  5
3BD
330
3B2
100
AcDbEntity
  8
Pad Holes
100
AcDbCircle
 10
2.97499786
 20
2.675001
 30
0.0
 40
0.1999996
  0
ARC
  5
3BE
330
3B2
100
AcDbEntity
  8
Pad Holes
100
AcDbCircle
 10
4.32500024
 20
-0.7350010699999999
 30
0.0
 40
0.2999994
100
AcDbArc
 50
180.0
 51
0.0
  0
LINE
  5
3BF
330
3B2
100
AcDbEntity
  8
Pad Holes
100
AcDbLine
 10
4.62499964
 20
-0.7350010699999999
 30
0.0
 11
4.62499964
 21
0.06499987
 31
0.0
  0
ARC
  5
3C0
330
3B2
100
AcDbEntity
  8
Pad Holes
100
AcDbCircle
 10
4.32500024
 20
0.06499987
 30
0.0
 40
0.2999994
100
AcDbArc
 50
0.0
 51
180.0
  0
LINE
  5
3C1
330
3B2
100
AcDbEntity
  8
Pad Holes
100
AcDbLine
 10
4.02500084
 20
0.06499987
 30
0.0
 11
4.02500084
 21
-0.7350010699999999
 31
0.0
  0
ARC
  5
3C2
330
3B2
100
AcDbEntity
  8
Pad Holes
100
AcDbCircle
 10
4.32500024
 20
2.29499922
 30
0.0
 40
0.2999994
100
AcDbArc
 50
180.0
 51
0.0
  0
LINE
  5
3C3
330
3B2
100
AcDbEntity
  8
Pad Holes
100
AcDbLine
 10
4.62499964
 20
2.29499922
 30
0.0
 11
4.62499964
 21
3.7950013
 31
0.0
  0
ARC
  5
3C4
330
3B2
100
AcDbEntity
  8
Pad Holes
100
AcDbCircle
 10
4.32500024
 20
3.7950013
 30
0.0
 40
0.2999994
100
AcDbArc
 50
0.0
 51
180.0
  0
LINE
  5
3C5
330
3B2
100
AcDbEntity
  8
Pad Holes
100
AcDbLine
 10
4.02500084
 20
3.7950013
 30
0.0
 11
4.02500084
 21
2.29499922
 31
0.0
  0
CIRCLE
  5
3C6
330
3B2
100
AcDbEntity
  8
Pad Holes
100
AcDbCircle
 10
2.9750004
 20
4.02500084
 30
0.0
 40
0.1999996
  0
CIRCLE
  5
3C7
330
3B2
100
AcDbEntity
  8
Pad Holes
100
AcDbCircle
 10
-2.12499956
 20
4.0249983
 30
0.0
 40
0.1999996
  0
CIRCLE
  5
3C8
330
3B2
100
AcDbEntity
  8
Pad Holes
100
AcDbCircle
 10
-1.27500126
 20
4.02500084
 30
0.0
 40
0.1999996
  0
CIRCLE
  5
3C9
330
3B2
100
AcDbEntity
  8
Pad Holes
100
AcDbCircle
 10
-0.4250004199999999
 20
4.02500084
 30
0.0
 40
0.1999996
  0
CIRCLE
  5
3CA
330
3B2
100
AcDbEntity
  8
Pad Holes
100
AcDbCircle
 10
0.4250004199999999
 20
4.02500084
 30
0.0
 40
0.1999996
  0
CIRCLE
  5
3CB
330
3B2
100
AcDbEntity
  8
Pad Holes
100
AcDbCircle
 10
1.27500126
 20
4.02500084
 30
0.0
 40
0.1999996
  0
CIRCLE
  5
3CC
330
3B2
100
AcDbEntity
  8
Pad Holes
100
AcDbCircle
 10
2.12499956
 20
4.0249983
 30
0.0
 40
0.1999996
  0
CIRCLE
  5
3CD
330
3B2
100
AcDbEntity
  8
Pad Holes
100
AcDbCircle
 10
2.12499956
 20
2.675001
 30
0.0
 40
0.1999996
  0
CIRCLE
  5
3CE
330
3B2
100
AcDbEntity
  8
Pad Holes
100
AcDbCircle
 10
1.27500126
 20
2.675001
 30
0.0
 40
0.1999996
  0
CIRCLE
  5
3CF
330
3B2
100
AcDbEntity
  8
Pad Holes
100
AcDbCircle
 10
0.4250004199999999
 20
2.675001
 30
0.0
 40
0.1999996
  0
CIRCLE
  5
3D0
330
3B2
100
AcDbEntity
  8
Pad Holes
100
AcDbCircle
 10
-0.4250004199999999
 20
2.675001
 30
0.0
 40
0.1999996
  0
CIRCLE
  5
3D1
330
3B2
100
AcDbEntity
  8
Pad Holes
100
AcDbCircle
 10
-1.27500126
 20
2.675001
 30
0.0
 40
0.1999996
  0
CIRCLE
  5
3D2
330
3B2
100
AcDbEntity
  8
Pad Holes
100
AcDbCircle
 10
-2.12499956
 20
2.675001
 30
0.0
 40
0.1999996
  0
ENDBLK
  5
561
330
3B2
100
AcDbEntity
  8
0
100
AcDbBlockEnd
  0
BLOCK
  5
562
330
3D4
100
AcDbEntity
  8
0
100
AcDbBlockBegin
  2
C_2012_0805__174
 70
     0
 10
0.0
 20
0.0
 30
0.0
  3
C_2012_0805__174
  1

  0
ENDBLK
  5
563
330
3D4
100
AcDbEntity
  8
0
100
AcDbBlockEnd
  0
BLOCK
  5
564
330
3D6
100
AcDbEntity
  8
0
100
AcDbBlockBegin
  2
C_1005_0402__175
 70
     0
 10
0.0
 20
0.0
 30
0.0
  3
C_1005_0402__175
  1

  0
ENDBLK
  5
565
330
3D6
100
AcDbEntity
  8
0
100
AcDbBlockEnd
  0
BLOCK
  5
566
330
3D8
100
AcDbEntity
  8
0
100
AcDbBlockBegin
  2
CONN_HDR_2POS_100MILS_TH_176
 70
     0
 10
0.0
 20
0.0
 30
0.0
  3
CONN_HDR_2POS_100MILS_TH_176
  1

  0
CIRCLE
  5
3D9
330
3D8
100
AcDbEntity
  8
Pad Holes
100
AcDbCircle
 10
-1.27
 20
0.0
 30
0.0
 40
0.499999
  0
CIRCLE
  5
3DA
330
3D8
100
AcDbEntity
  8
Pad Holes
100
AcDbCircle
 10
1.27
 20
0.0
 30
0.0
 40
0.499999
  0
ENDBLK
  5
567
330
3D8
100
AcDbEntity
  8
0
100
AcDbBlockEnd
  0
BLOCK
  5
568
330
3DC
100
AcDbEntity
  8
0
100
AcDbBlockBegin
  2
U_USON50P250X100_10_177
 70
     0
 10
0.0
 20
0.0
 30
0.0
  3
U_USON50P250X100_10_177
  1

  0
ENDBLK
  5
569
330
3DC
100
AcDbEntity
  8
0
100
AcDbBlockEnd
  0
BLOCK
  5
56A
330
3DE
100
AcDbEntity
  8
0
100
AcDbBlockBegin
  2
U_MSOP50P300X500_10_RM_10__WO_TP_178
 70
     0
 10
0.0
 20
0.0
 30
0.0
  3
U_MSOP50P300X500_10_RM_10__WO_TP_178
  1

  0
ENDBLK
  5
56B
330
3DE
100
AcDbEntity
  8
0
100
AcDbBlockEnd
  0
BLOCK
  5
56C
330
3E0
100
AcDbEntity
  8
0
100
AcDbBlockBegin
  2
SOIC_8_179
 70
     0
 10
0.0
 20
0.0
 30
0.0
  3
SOIC_8_179
  1

  0
ENDBLK
  5
56D
330
3E0
100
AcDbEntity
  8
0
100
AcDbBlockEnd
  0
BLOCK
  5
56E
330
3E2
100
AcDbEntity
  8
0
100
AcDbBlockBegin
  2
R_3216_1206__180
 70
     0
 10
0.0
 20
0.0
 30
0.0
  3
R_3216_1206__180
  1

  0
ENDBLK
  5
56F
330
3E2
100
AcDbEntity
  8
0
100
AcDbBlockEnd
  0
BLOCK
  5
570
330
3E4
100
AcDbEntity
  8
0
100
AcDbBlockBegin
  2
R_1005_0402__181
 70
     0
 10
0.0
 20
0.0
 30
0.0
  3
R_1005_0402__181
  1

  0
ENDBLK
  5
571
330
3E4
100
AcDbEntity
  8
0
100
AcDbBlockEnd
  0
BLOCK
  5
572
330
3E6
100
AcDbEntity
  8
0
100
AcDbBlockBegin
  2
R_1005_0402__182
 70
     0
 10
0.0
 20
0.0
 30
0.0
  3
R_1005_0402__182
  1

  0
ENDBLK
  5
573
330
3E6
100
AcDbEntity
  8
0
100
AcDbBlockEnd
  0
BLOCK
  5
574
330
3E8
100
AcDbEntity
  8
0
100
AcDbBlockBegin
  2
R_1005_0402__183
 70
     0
 10
0.0
 20
0.0
 30
0.0
  3
R_1005_0402__183
  1

  0
ENDBLK
  5
575
330
3E8
100
AcDbEntity
  8
0
100
AcDbBlockEnd
  0
BLOCK
  5
576
330
3EA
100
AcDbEntity
  8
0
100
AcDbBlockBegin
  2
R_1005_0402__184
 70
     0
 10
0.0
 20
0.0
 30
0.0
  3
R_1005_0402__184
  1

  0
ENDBLK
  5
577
330
3EA
100
AcDbEntity
  8
0
100
AcDbBlockEnd
  0
BLOCK
  5
578
330
3EC
100
AcDbEntity
  8
0
100
AcDbBlockBegin
  2
R_1005_0402__185
 70
     0
 10
0.0
 20
0.0
 30
0.0
  3
R_1005_0402__185
  1

  0
ENDBLK
  5
579
330
3EC
100
AcDbEntity
  8
0
100
AcDbBlockEnd
  0
BLOCK
  5
57A
330
3EE
100
AcDbEntity
  8
0
100
AcDbBlockBegin
  2
R_1005_0402__186
 70
     0
 10
0.0
 20
0.0
 30
0.0
  3
R_1005_0402__186
  1

  0
ENDBLK
  5
57B
330
3EE
100
AcDbEntity
  8
0
100
AcDbBlockEnd
  0
BLOCK
  5
57C
330
3F0
100
AcDbEntity
  8
0
100
AcDbBlockBegin
  2
R_1005_0402__187
 70
     0
 10
0.0
 20
0.0
 30
0.0
  3
R_1005_0402__187
  1

  0
ENDBLK
  5
57D
330
3F0
100
AcDbEntity
  8
0
100
AcDbBlockEnd
  0
BLOCK
  5
57E
330
3F2
100
AcDbEntity
  8
0
100
AcDbBlockBegin
  2
R_1005_0402__188
 70
     0
 10
0.0
 20
0.0
 30
0.0
  3
R_1005_0402__188
  1

  0
ENDBLK
  5
57F
330
3F2
100
AcDbEntity
  8
0
100
AcDbBlockEnd
  0
BLOCK
  5
580
330
3F4
100
AcDbEntity
  8
0
100
AcDbBlockBegin
  2
R_1005_0402__189
 70
     0
 10
0.0
 20
0.0
 30
0.0
  3
R_1005_0402__189
  1

  0
ENDBLK
  5
581
330
3F4
100
AcDbEntity
  8
0
100
AcDbBlockEnd
  0
BLOCK
  5
582
330
3F6
100
AcDbEntity
  8
0
100
AcDbBlockBegin
  2
R_1005_0402__190
 70
     0
 10
0.0
 20
0.0
 30
0.0
  3
R_1005_0402__190
  1

  0
ENDBLK
  5
583
330
3F6
100
AcDbEntity
  8
0
100
AcDbBlockEnd
  0
BLOCK
  5
584
330
3F8
100
AcDbEntity
  8
0
100
AcDbBlockBegin
  2
R_1005_0402__191
 70
     0
 10
0.0
 20
0.0
 30
0.0
  3
R_1005_0402__191
  1

  0
ENDBLK
  5
585
330
3F8
100
AcDbEntity
  8
0
100
AcDbBlockEnd
  0
BLOCK
  5
586
330
3FA
100
AcDbEntity
  8
0
100
AcDbBlockBegin
  2
TP_TH061_192
 70
     0
 10
0.0
 20
0.0
 30
0.0
  3
TP_TH061_192
  1

  0
CIRCLE
  5
3FB
330
3FA
100
AcDbEntity
  8
Pad Holes
100
AcDbCircle
 10
0.0
 20
0.0
 30
0.0
 40
0.30499812
  0
ENDBLK
  5
587
330
3FA
100
AcDbEntity
  8
0
100
AcDbBlockEnd
  0
BLOCK
  5
588
330
3FD
100
AcDbEntity
  8
0
100
AcDbBlockBegin
  2
C_1005_0402__193
 70
     0
 10
0.0
 20
0.0
 30
0.0
  3
C_1005_0402__193
  1

  0
ENDBLK
  5
589
330
3FD
100
AcDbEntity
  8
0
100
AcDbBlockEnd
  0
BLOCK
  5
58A
330
3FF
100
AcDbEntity
  8
0
100
AcDbBlockBegin
  2
C_2012_0805__194
 70
     0
 10
0.0
 20
0.0
 30
0.0
  3
C_2012_0805__194
  1

  0
ENDBLK
  5
58B
330
3FF
100
AcDbEntity
  8
0
100
AcDbBlockEnd
  0
BLOCK
  5
58C
330
401
100
AcDbEntity
  8
0
100
AcDbBlockBegin
  2
C_1005_0402__195
 70
     0
 10
0.0
 20
0.0
 30
0.0
  3
C_1005_0402__195
  1

  0
ENDBLK
  5
58D
330
401
100
AcDbEntity
  8
0
100
AcDbBlockEnd
  0
BLOCK
  5
58E
330
403
100
AcDbEntity
  8
0
100
AcDbBlockBegin
  2
CONN_TERM_BLOCK_3POS_5___M____1_196
 70
     0
 10
0.0
 20
0.0
 30
0.0
  3
CONN_TERM_BLOCK_3POS_5___M____1_196
  1

  0
CIRCLE
  5
404
330
403
100
AcDbEntity
  8
Pad Holes
100
AcDbCircle
 10
0.0
 20
0.0
 30
0.0
 40
0.6499986999999999
  0
CIRCLE
  5
405
330
403
100
AcDbEntity
  8
Pad Holes
100
AcDbCircle
 10
-4.99999762
 20
0.0
 30
0.0
 40
0.6499986999999999
  0
CIRCLE
  5
406
330
403
100
AcDbEntity
  8
Pad Holes
100
AcDbCircle
 10
5.0000027
 20
0.0
 30
0.0
 40
0.6499986999999999
  0
ENDBLK
  5
58F
330
403
100
AcDbEntity
  8
0
100
AcDbBlockEnd
  0
BLOCK
  5
590
330
408
100
AcDbEntity
  8
0
100
AcDbBlockBegin
  2
R_POT_TH_TOP_197
 70
     0
 10
0.0
 20
0.0
 30
0.0
  3
R_POT_TH_TOP_197
  1

  0
LINE
  5
409
330
408
100
AcDbEntity
  8
Top Component Center
100
AcDbLine
 10
0.0
 20
0.499999
 30
0.0
 11
0.0
 21
-0.499999
 31
0.0
  0
LINE
  5
40A
330
408
100
AcDbEntity
  8
Top Component Center
100
AcDbLine
 10
0.499999
 20
0.0
 30
0.0
 11
-0.499999
 21
0.0
 31
0.0
  0
CIRCLE
  5
40B
330
408
100
AcDbEntity
  8
Pad Holes
100
AcDbCircle
 10
0.00500126
 20
2.54
 30
0.0
 40
0.3499993
  0
CIRCLE
  5
40C
330
408
100
AcDbEntity
  8
Pad Holes
100
AcDbCircle
 10
0.00500126
 20
0.0
 30
0.0
 40
0.3499993
  0
CIRCLE
  5
40D
330
408
100
AcDbEntity
  8
Pad Holes
100
AcDbCircle
 10
0.00500126
 20
-2.54
 30
0.0
 40
0.3499993
  0
ENDBLK
  5
591
330
408
100
AcDbEntity
  8
0
100
AcDbBlockEnd
  0
BLOCK
  5
592
330
40F
100
AcDbEntity
  8
0
100
AcDbBlockBegin
  2
CONN_SKT_20POS_100MIL_198
 70
     0
 10
0.0
 20
0.0
 30
0.0
  3
CONN_SKT_20POS_100MIL_198
  1

  0
LINE
  5
410
330
40F
100
AcDbEntity
  8
Top Component Center
100
AcDbLine
 10
0.0
 20
0.499999
 30
0.0
 11
0.0
 21
-0.499999
 31
0.0
  0
LINE
  5
411
330
40F
100
AcDbEntity
  8
Top Component Center
100
AcDbLine
 10
0.499999
 20
0.0
 30
0.0
 11
-0.499999
 21
0.0
 31
0.0
  0
CIRCLE
  5
412
330
40F
100
AcDbEntity
  8
Pad Holes
100
AcDbCircle
 10
-21.59
 20
0.0
 30
0.0
 40
0.499999
  0
CIRCLE
  5
413
330
40F
100
AcDbEntity
  8
Pad Holes
100
AcDbCircle
 10
24.13
 20
0.0
 30
0.0
 40
0.499999
  0
CIRCLE
  5
414
330
40F
100
AcDbEntity
  8
Pad Holes
100
AcDbCircle
 10
-24.13
 20
0.0
 30
0.0
 40
0.499999
  0
CIRCLE
  5
415
330
40F
100
AcDbEntity
  8
Pad Holes
100
AcDbCircle
 10
3.81
 20
0.0
 30
0.0
 40
0.499999
  0
CIRCLE
  5
416
330
40F
100
AcDbEntity
  8
Pad Holes
100
AcDbCircle
 10
6.35
 20
0.0
 30
0.0
 40
0.499999
  0
CIRCLE
  5
417
330
40F
100
AcDbEntity
  8
Pad Holes
100
AcDbCircle
 10
-3.80999746
 20
-0.00000254
 30
0.0
 40
0.499999
  0
CIRCLE
  5
418
330
40F
100
AcDbEntity
  8
Pad Holes
100
AcDbCircle
 10
-16.51
 20
0.0
 30
0.0
 40
0.499999
  0
CIRCLE
  5
419
330
40F
100
AcDbEntity
  8
Pad Holes
100
AcDbCircle
 10
-1.27000254
 20
0.0
 30
0.0
 40
0.499999
  0
CIRCLE
  5
41A
330
40F
100
AcDbEntity
  8
Pad Holes
100
AcDbCircle
 10
8.889999999999999
 20
-0.00000254
 30
0.0
 40
0.499999
  0
CIRCLE
  5
41B
330
40F
100
AcDbEntity
  8
Pad Holes
100
AcDbCircle
 10
11.43
 20
0.0
 30
0.0
 40
0.499999
  0
CIRCLE
  5
41C
330
40F
100
AcDbEntity
  8
Pad Holes
100
AcDbCircle
 10
13.97
 20
0.0
 30
0.0
 40
0.499999
  0
CIRCLE
  5
41D
330
40F
100
AcDbEntity
  8
Pad Holes
100
AcDbCircle
 10
-8.889999999999999
 20
0.0
 30
0.0
 40
0.499999
  0
CIRCLE
  5
41E
330
40F
100
AcDbEntity
  8
Pad Holes
100
AcDbCircle
 10
1.27
 20
0.0
 30
0.0
 40
0.499999
  0
CIRCLE
  5
41F
330
40F
100
AcDbEntity
  8
Pad Holes
100
AcDbCircle
 10
-13.97
 20
-0.00000254
 30
0.0
 40
0.499999
  0
CIRCLE
  5
420
330
40F
100
AcDbEntity
  8
Pad Holes
100
AcDbCircle
 10
-6.35
 20
0.0
 30
0.0
 40
0.499999
  0
CIRCLE
  5
421
330
40F
100
AcDbEntity
  8
Pad Holes
100
AcDbCircle
 10
-11.43
 20
0.0
 30
0.0
 40
0.499999
  0
CIRCLE
  5
422
330
40F
100
AcDbEntity
  8
Pad Holes
100
AcDbCircle
 10
21.59
 20
-0.00000254
 30
0.0
 40
0.499999
  0
CIRCLE
  5
423
330
40F
100
AcDbEntity
  8
Pad Holes
100
AcDbCircle
 10
16.51
 20
0.0
 30
0.0
 40
0.499999
  0
CIRCLE
  5
424
330
40F
100
AcDbEntity
  8
Pad Holes
100
AcDbCircle
 10
-19.05
 20
0.0
 30
0.0
 40
0.499999
  0
CIRCLE
  5
425
330
40F
100
AcDbEntity
  8
Pad Holes
100
AcDbCircle
 10
19.05000254
 20
0.0
 30
0.0
 40
0.499999
  0
ENDBLK
  5
593
330
40F
100
AcDbEntity
  8
0
100
AcDbBlockEnd
  0
BLOCK
  5
594
330
427
100
AcDbEntity
  8
0
100
AcDbBlockBegin
  2
CONN_SKT_20POS_100MIL_199
 70
     0
 10
0.0
 20
0.0
 30
0.0
  3
CONN_SKT_20POS_100MIL_199
  1

  0
LINE
  5
428
330
427
100
AcDbEntity
  8
Top Component Center
100
AcDbLine
 10
0.0
 20
-0.499999
 30
0.0
 11
0.0
 21
0.499999
 31
0.0
  0
LINE
  5
429
330
427
100
AcDbEntity
  8
Top Component Center
100
AcDbLine
 10
-0.499999
 20
0.0
 30
0.0
 11
0.499999
 21
0.0
 31
0.0
  0
CIRCLE
  5
42A
330
427
100
AcDbEntity
  8
Pad Holes
100
AcDbCircle
 10
-24.13
 20
0.0
 30
0.0
 40
0.499999
  0
CIRCLE
  5
42B
330
427
100
AcDbEntity
  8
Pad Holes
100
AcDbCircle
 10
24.13
 20
0.0
 30
0.0
 40
0.499999
  0
CIRCLE
  5
42C
330
427
100
AcDbEntity
  8
Pad Holes
100
AcDbCircle
 10
-21.59
 20
0.0
 30
0.0
 40
0.499999
  0
CIRCLE
  5
42D
330
427
100
AcDbEntity
  8
Pad Holes
100
AcDbCircle
 10
3.81
 20
0.0
 30
0.0
 40
0.499999
  0
CIRCLE
  5
42E
330
427
100
AcDbEntity
  8
Pad Holes
100
AcDbCircle
 10
6.35
 20
0.0
 30
0.0
 40
0.499999
  0
CIRCLE
  5
42F
330
427
100
AcDbEntity
  8
Pad Holes
100
AcDbCircle
 10
-3.80999746
 20
-0.00000254
 30
0.0
 40
0.499999
  0
CIRCLE
  5
430
330
427
100
AcDbEntity
  8
Pad Holes
100
AcDbCircle
 10
-16.51
 20
0.0
 30
0.0
 40
0.499999
  0
CIRCLE
  5
431
330
427
100
AcDbEntity
  8
Pad Holes
100
AcDbCircle
 10
-1.27000254
 20
0.0
 30
0.0
 40
0.499999
  0
CIRCLE
  5
432
330
427
100
AcDbEntity
  8
Pad Holes
100
AcDbCircle
 10
8.889999999999999
 20
-0.00000254
 30
0.0
 40
0.499999
  0
CIRCLE
  5
433
330
427
100
AcDbEntity
  8
Pad Holes
100
AcDbCircle
 10
11.43
 20
0.0
 30
0.0
 40
0.499999
  0
CIRCLE
  5
434
330
427
100
AcDbEntity
  8
Pad Holes
100
AcDbCircle
 10
13.97
 20
0.0
 30
0.0
 40
0.499999
  0
CIRCLE
  5
435
330
427
100
AcDbEntity
  8
Pad Holes
100
AcDbCircle
 10
-8.889999999999999
 20
0.0
 30
0.0
 40
0.499999
  0
CIRCLE
  5
436
330
427
100
AcDbEntity
  8
Pad Holes
100
AcDbCircle
 10
1.27
 20
0.0
 30
0.0
 40
0.499999
  0
CIRCLE
  5
437
330
427
100
AcDbEntity
  8
Pad Holes
100
AcDbCircle
 10
-13.97
 20
-0.00000254
 30
0.0
 40
0.499999
  0
CIRCLE
  5
438
330
427
100
AcDbEntity
  8
Pad Holes
100
AcDbCircle
 10
-6.35
 20
0.0
 30
0.0
 40
0.499999
  0
CIRCLE
  5
439
330
427
100
AcDbEntity
  8
Pad Holes
100
AcDbCircle
 10
-11.43
 20
0.0
 30
0.0
 40
0.499999
  0
CIRCLE
  5
43A
330
427
100
AcDbEntity
  8
Pad Holes
100
AcDbCircle
 10
21.59
 20
-0.00000254
 30
0.0
 40
0.499999
  0
CIRCLE
  5
43B
330
427
100
AcDbEntity
  8
Pad Holes
100
AcDbCircle
 10
16.51
 20
0.0
 30
0.0
 40
0.499999
  0
CIRCLE
  5
43C
330
427
100
AcDbEntity
  8
Pad Holes
100
AcDbCircle
 10
-19.05
 20
0.0
 30
0.0
 40
0.499999
  0
CIRCLE
  5
43D
330
427
100
AcDbEntity
  8
Pad Holes
100
AcDbCircle
 10
19.05000254
 20
0.0
 30
0.0
 40
0.499999
  0
ENDBLK
  5
595
330
427
100
AcDbEntity
  8
0
100
AcDbBlockEnd
  0
BLOCK
  5
596
330
43F
100
AcDbEntity
  8
0
100
AcDbBlockBegin
  2
TP_TH061_200
 70
     0
 10
0.0
 20
0.0
 30
0.0
  3
TP_TH061_200
  1

  0
CIRCLE
  5
440
330
43F
100
AcDbEntity
  8
Pad Holes
100
AcDbCircle
 10
0.0
 20
0.0
 30
0.0
 40
0.30499812
  0
ENDBLK
  5
597
330
43F
100
AcDbEntity
  8
0
100
AcDbBlockEnd
  0
BLOCK
  5
598
330
442
100
AcDbEntity
  8
0
100
AcDbBlockBegin
  2
MIKROBUS_HOST_CONN__TH_201
 70
     0
 10
0.0
 20
0.0
 30
0.0
  3
MIKROBUS_HOST_CONN__TH_201
  1

  0
CIRCLE
  5
443
330
442
100
AcDbEntity
  8
Pad Holes
100
AcDbCircle
 10
11.43
 20
-1.26999492
 30
0.0
 40
0.499999
  0
CIRCLE
  5
444
330
442
100
AcDbEntity
  8
Pad Holes
100
AcDbCircle
 10
11.43000254
 20
-3.809994919999999
 30
0.0
 40
0.499999
  0
CIRCLE
  5
445
330
442
100
AcDbEntity
  8
Pad Holes
100
AcDbCircle
 10
-11.43
 20
-6.34999746
 30
0.0
 40
0.499999
  0
CIRCLE
  5
446
330
442
100
AcDbEntity
  8
Pad Holes
100
AcDbCircle
 10
11.43
 20
-6.34999746
 30
0.0
 40
0.499999
  0
CIRCLE
  5
447
330
442
100
AcDbEntity
  8
Pad Holes
100
AcDbCircle
 10
-11.43
 20
1.26999746
 30
0.0
 40
0.499999
  0
CIRCLE
  5
448
330
442
100
AcDbEntity
  8
Pad Holes
100
AcDbCircle
 10
-11.43
 20
-3.80999238
 30
0.0
 40
0.499999
  0
CIRCLE
  5
449
330
442
100
AcDbEntity
  8
Pad Holes
100
AcDbCircle
 10
-11.43
 20
-8.889997459999998
 30
0.0
 40
0.499999
  0
CIRCLE
  5
44A
330
442
100
AcDbEntity
  8
Pad Holes
100
AcDbCircle
 10
11.43
 20
-8.889997459999998
 30
0.0
 40
0.499999
  0
CIRCLE
  5
44B
330
442
100
AcDbEntity
  8
Pad Holes
100
AcDbCircle
 10
-11.43
 20
-1.26999492
 30
0.0
 40
0.499999
  0
CIRCLE
  5
44C
330
442
100
AcDbEntity
  8
Pad Holes
100
AcDbCircle
 10
11.43
 20
3.81000254
 30
0.0
 40
0.499999
  0
CIRCLE
  5
44D
330
442
100
AcDbEntity
  8
Pad Holes
100
AcDbCircle
 10
11.43
 20
1.26999746
 30
0.0
 40
0.499999
  0
CIRCLE
  5
44E
330
442
100
AcDbEntity
  8
Pad Holes
100
AcDbCircle
 10
-11.43
 20
6.350002539999999
 30
0.0
 40
0.499999
  0
CIRCLE
  5
44F
330
442
100
AcDbEntity
  8
Pad Holes
100
AcDbCircle
 10
-11.43
 20
8.889999999999999
 30
0.0
 40
0.499999
  0
CIRCLE
  5
450
330
442
100
AcDbEntity
  8
Pad Holes
100
AcDbCircle
 10
11.43
 20
6.350002539999999
 30
0.0
 40
0.499999
  0
CIRCLE
  5
451
330
442
100
AcDbEntity
  8
Pad Holes
100
AcDbCircle
 10
-11.43
 20
3.81000254
 30
0.0
 40
0.499999
  0
CIRCLE
  5
452
330
442
100
AcDbEntity
  8
Pad Holes
100
AcDbCircle
 10
11.43
 20
8.889999999999999
 30
0.0
 40
0.499999
  0
ENDBLK
  5
599
330
442
100
AcDbEntity
  8
0
100
AcDbBlockEnd
  0
BLOCK
  5
59A
330
454
100
AcDbEntity
  8
0
100
AcDbBlockBegin
  2
MIKROBUS_HOST_CONN__TH_202
 70
     0
 10
0.0
 20
0.0
 30
0.0
  3
MIKROBUS_HOST_CONN__TH_202
  1

  0
CIRCLE
  5
455
330
454
100
AcDbEntity
  8
Pad Holes
100
AcDbCircle
 10
-11.43
 20
-6.350002539999999
 30
0.0
 40
0.499999
  0
CIRCLE
  5
456
330
454
100
AcDbEntity
  8
Pad Holes
100
AcDbCircle
 10
11.43
 20
-8.88999492
 30
0.0
 40
0.499999
  0
CIRCLE
  5
457
330
454
100
AcDbEntity
  8
Pad Holes
100
AcDbCircle
 10
-11.43
 20
-8.88999492
 30
0.0
 40
0.499999
  0
CIRCLE
  5
458
330
454
100
AcDbEntity
  8
Pad Holes
100
AcDbCircle
 10
-11.43
 20
1.27
 30
0.0
 40
0.499999
  0
CIRCLE
  5
459
330
454
100
AcDbEntity
  8
Pad Holes
100
AcDbCircle
 10
-11.43
 20
-1.26999238
 30
0.0
 40
0.499999
  0
CIRCLE
  5
45A
330
454
100
AcDbEntity
  8
Pad Holes
100
AcDbCircle
 10
11.43
 20
-6.350002539999999
 30
0.0
 40
0.499999
  0
CIRCLE
  5
45B
330
454
100
AcDbEntity
  8
Pad Holes
100
AcDbCircle
 10
-11.43
 20
-3.80998984
 30
0.0
 40
0.499999
  0
CIRCLE
  5
45C
330
454
100
AcDbEntity
  8
Pad Holes
100
AcDbCircle
 10
11.43
 20
1.27
 30
0.0
 40
0.499999
  0
CIRCLE
  5
45D
330
454
100
AcDbEntity
  8
Pad Holes
100
AcDbCircle
 10
11.43
 20
3.80999746
 30
0.0
 40
0.499999
  0
CIRCLE
  5
45E
330
454
100
AcDbEntity
  8
Pad Holes
100
AcDbCircle
 10
-11.43
 20
6.350002539999999
 30
0.0
 40
0.499999
  0
CIRCLE
  5
45F
330
454
100
AcDbEntity
  8
Pad Holes
100
AcDbCircle
 10
11.43
 20
-1.26999238
 30
0.0
 40
0.499999
  0
CIRCLE
  5
460
330
454
100
AcDbEntity
  8
Pad Holes
100
AcDbCircle
 10
11.43
 20
8.889999999999999
 30
0.0
 40
0.499999
  0
CIRCLE
  5
461
330
454
100
AcDbEntity
  8
Pad Holes
100
AcDbCircle
 10
11.43000254
 20
-3.809994919999999
 30
0.0
 40
0.499999
  0
CIRCLE
  5
462
330
454
100
AcDbEntity
  8
Pad Holes
100
AcDbCircle
 10
11.43
 20
6.350002539999999
 30
0.0
 40
0.499999
  0
CIRCLE
  5
463
330
454
100
AcDbEntity
  8
Pad Holes
100
AcDbCircle
 10
-11.43
 20
8.889999999999999
 30
0.0
 40
0.499999
  0
CIRCLE
  5
464
330
454
100
AcDbEntity
  8
Pad Holes
100
AcDbCircle
 10
-11.43000254
 20
3.81
 30
0.0
 40
0.499999
  0
ENDBLK
  5
59B
330
454
100
AcDbEntity
  8
0
100
AcDbBlockEnd
  0
BLOCK
  5
59C
330
466
100
AcDbEntity
  8
0
100
AcDbBlockBegin
  2
CONN_HEAD02X25_100MIL_203
 70
     0
 10
0.0
 20
0.0
 30
0.0
  3
CONN_HEAD02X25_100MIL_203
  1

  0
CIRCLE
  5
467
330
466
100
AcDbEntity
  8
Pad Holes
100
AcDbCircle
 10
15.24
 20
1.26999746
 30
0.0
 40
0.499999
  0
CIRCLE
  5
468
330
466
100
AcDbEntity
  8
Pad Holes
100
AcDbCircle
 10
12.69999746
 20
1.27000762
 30
0.0
 40
0.499999
  0
CIRCLE
  5
469
330
466
100
AcDbEntity
  8
Pad Holes
100
AcDbCircle
 10
-17.77999746
 20
-1.26999238
 30
0.0
 40
0.499999
  0
CIRCLE
  5
46A
330
466
100
AcDbEntity
  8
Pad Holes
100
AcDbCircle
 10
15.24
 20
-1.26999492
 30
0.0
 40
0.499999
  0
CIRCLE
  5
46B
330
466
100
AcDbEntity
  8
Pad Holes
100
AcDbCircle
 10
17.78000254
 20
-1.26999746
 30
0.0
 40
0.499999
  0
CIRCLE
  5
46C
330
466
100
AcDbEntity
  8
Pad Holes
100
AcDbCircle
 10
-30.47999746
 20
-1.26999238
 30
0.0
 40
0.499999
  0
CIRCLE
  5
46D
330
466
100
AcDbEntity
  8
Pad Holes
100
AcDbCircle
 10
-30.47999492
 20
1.27000254
 30
0.0
 40
0.499999
  0
CIRCLE
  5
46E
330
466
100
AcDbEntity
  8
Pad Holes
100
AcDbCircle
 10
-25.39999746
 20
-1.26999492
 30
0.0
 40
0.499999
  0
CIRCLE
  5
46F
330
466
100
AcDbEntity
  8
Pad Holes
100
AcDbCircle
 10
30.47999746
 20
1.26999746
 30
0.0
 40
0.499999
  0
CIRCLE
  5
470
330
466
100
AcDbEntity
  8
Pad Holes
100
AcDbCircle
 10
-2.53999746
 20
-1.26999492
 30
0.0
 40
0.499999
  0
CIRCLE
  5
471
330
466
100
AcDbEntity
  8
Pad Holes
100
AcDbCircle
 10
30.48000254
 20
-1.26999492
 30
0.0
 40
0.499999
  0
CIRCLE
  5
472
330
466
100
AcDbEntity
  8
Pad Holes
100
AcDbCircle
 10
-22.86
 20
-1.26999492
 30
0.0
 40
0.499999
  0
CIRCLE
  5
473
330
466
100
AcDbEntity
  8
Pad Holes
100
AcDbCircle
 10
-0.00000254
 20
-1.26999492
 30
0.0
 40
0.499999
  0
CIRCLE
  5
474
330
466
100
AcDbEntity
  8
Pad Holes
100
AcDbCircle
 10
-20.32
 20
1.26999746
 30
0.0
 40
0.499999
  0
CIRCLE
  5
475
330
466
100
AcDbEntity
  8
Pad Holes
100
AcDbCircle
 10
12.7
 20
-1.26999492
 30
0.0
 40
0.499999
  0
CIRCLE
  5
476
330
466
100
AcDbEntity
  8
Pad Holes
100
AcDbCircle
 10
17.78
 20
1.27000762
 30
0.0
 40
0.499999
  0
CIRCLE
  5
477
330
466
100
AcDbEntity
  8
Pad Holes
100
AcDbCircle
 10
-5.08
 20
-1.26999238
 30
0.0
 40
0.499999
  0
CIRCLE
  5
478
330
466
100
AcDbEntity
  8
Pad Holes
100
AcDbCircle
 10
-7.619999999999999
 20
-1.26999492
 30
0.0
 40
0.499999
  0
CIRCLE
  5
479
330
466
100
AcDbEntity
  8
Pad Holes
100
AcDbCircle
 10
7.62000254
 20
-1.26999492
 30
0.0
 40
0.499999
  0
CIRCLE
  5
47A
330
466
100
AcDbEntity
  8
Pad Holes
100
AcDbCircle
 10
2.54
 20
1.26999746
 30
0.0
 40
0.499999
  0
CIRCLE
  5
47B
330
466
100
AcDbEntity
  8
Pad Holes
100
AcDbCircle
 10
22.85999746
 20
-1.26999492
 30
0.0
 40
0.499999
  0
CIRCLE
  5
47C
330
466
100
AcDbEntity
  8
Pad Holes
100
AcDbCircle
 10
10.15999492
 20
-1.26999492
 30
0.0
 40
0.499999
  0
CIRCLE
  5
47D
330
466
100
AcDbEntity
  8
Pad Holes
100
AcDbCircle
 10
5.08000254
 20
-1.26999238
 30
0.0
 40
0.499999
  0
CIRCLE
  5
47E
330
466
100
AcDbEntity
  8
Pad Holes
100
AcDbCircle
 10
20.32000254
 20
-1.26999492
 30
0.0
 40
0.499999
  0
CIRCLE
  5
47F
330
466
100
AcDbEntity
  8
Pad Holes
100
AcDbCircle
 10
0.00000254
 20
1.27000762
 30
0.0
 40
0.499999
  0
CIRCLE
  5
480
330
466
100
AcDbEntity
  8
Pad Holes
100
AcDbCircle
 10
20.32000254
 20
1.27000254
 30
0.0
 40
0.499999
  0
CIRCLE
  5
481
330
466
100
AcDbEntity
  8
Pad Holes
100
AcDbCircle
 10
5.080005079999999
 20
1.27000254
 30
0.0
 40
0.499999
  0
CIRCLE
  5
482
330
466
100
AcDbEntity
  8
Pad Holes
100
AcDbCircle
 10
2.54000254
 20
-1.26999238
 30
0.0
 40
0.499999
  0
CIRCLE
  5
483
330
466
100
AcDbEntity
  8
Pad Holes
100
AcDbCircle
 10
7.62000254
 20
1.27000254
 30
0.0
 40
0.499999
  0
CIRCLE
  5
484
330
466
100
AcDbEntity
  8
Pad Holes
100
AcDbCircle
 10
-5.08
 20
1.27000762
 30
0.0
 40
0.499999
  0
CIRCLE
  5
485
330
466
100
AcDbEntity
  8
Pad Holes
100
AcDbCircle
 10
-7.619999999999999
 20
1.26999746
 30
0.0
 40
0.499999
  0
CIRCLE
  5
486
330
466
100
AcDbEntity
  8
Pad Holes
100
AcDbCircle
 10
-10.16000254
 20
1.27000762
 30
0.0
 40
0.499999
  0
CIRCLE
  5
487
330
466
100
AcDbEntity
  8
Pad Holes
100
AcDbCircle
 10
-12.7
 20
-1.26999492
 30
0.0
 40
0.499999
  0
CIRCLE
  5
488
330
466
100
AcDbEntity
  8
Pad Holes
100
AcDbCircle
 10
-10.16
 20
-1.26999492
 30
0.0
 40
0.499999
  0
CIRCLE
  5
489
330
466
100
AcDbEntity
  8
Pad Holes
100
AcDbCircle
 10
27.94000508
 20
1.27000254
 30
0.0
 40
0.499999
  0
CIRCLE
  5
48A
330
466
100
AcDbEntity
  8
Pad Holes
100
AcDbCircle
 10
27.94000254
 20
-1.26999238
 30
0.0
 40
0.499999
  0
CIRCLE
  5
48B
330
466
100
AcDbEntity
  8
Pad Holes
100
AcDbCircle
 10
25.4
 20
1.27000762
 30
0.0
 40
0.499999
  0
CIRCLE
  5
48C
330
466
100
AcDbEntity
  8
Pad Holes
100
AcDbCircle
 10
25.4
 20
-1.26998984
 30
0.0
 40
0.499999
  0
CIRCLE
  5
48D
330
466
100
AcDbEntity
  8
Pad Holes
100
AcDbCircle
 10
22.86000254
 20
1.27000762
 30
0.0
 40
0.499999
  0
CIRCLE
  5
48E
330
466
100
AcDbEntity
  8
Pad Holes
100
AcDbCircle
 10
10.16000254
 20
1.27000762
 30
0.0
 40
0.499999
  0
CIRCLE
  5
48F
330
466
100
AcDbEntity
  8
Pad Holes
100
AcDbCircle
 10
-2.53999746
 20
1.27000254
 30
0.0
 40
0.499999
  0
CIRCLE
  5
490
330
466
100
AcDbEntity
  8
Pad Holes
100
AcDbCircle
 10
-12.69999746
 20
1.27000762
 30
0.0
 40
0.499999
  0
CIRCLE
  5
491
330
466
100
AcDbEntity
  8
Pad Holes
100
AcDbCircle
 10
-15.23999746
 20
1.27000254
 30
0.0
 40
0.499999
  0
CIRCLE
  5
492
330
466
100
AcDbEntity
  8
Pad Holes
100
AcDbCircle
 10
-15.24
 20
-1.26999492
 30
0.0
 40
0.499999
  0
CIRCLE
  5
493
330
466
100
AcDbEntity
  8
Pad Holes
100
AcDbCircle
 10
-17.77999492
 20
1.27000254
 30
0.0
 40
0.499999
  0
CIRCLE
  5
494
330
466
100
AcDbEntity
  8
Pad Holes
100
AcDbCircle
 10
-20.31999746
 20
-1.26999238
 30
0.0
 40
0.499999
  0
CIRCLE
  5
495
330
466
100
AcDbEntity
  8
Pad Holes
100
AcDbCircle
 10
-22.86
 20
1.27000254
 30
0.0
 40
0.499999
  0
CIRCLE
  5
496
330
466
100
AcDbEntity
  8
Pad Holes
100
AcDbCircle
 10
-25.39999746
 20
1.27000254
 30
0.0
 40
0.499999
  0
CIRCLE
  5
497
330
466
100
AcDbEntity
  8
Pad Holes
100
AcDbCircle
 10
-27.94
 20
1.27000762
 30
0.0
 40
0.499999
  0
CIRCLE
  5
498
330
466
100
AcDbEntity
  8
Pad Holes
100
AcDbCircle
 10
-27.94000254
 20
-1.26999492
 30
0.0
 40
0.499999
  0
ENDBLK
  5
59D
330
466
100
AcDbEntity
  8
0
100
AcDbBlockEnd
  0
BLOCK
  5
59E
330
49A
100
AcDbEntity
  8
0
100
AcDbBlockBegin
  2
CONN_HEAD02X25_100MIL_204
 70
     0
 10
0.0
 20
0.0
 30
0.0
  3
CONN_HEAD02X25_100MIL_204
  1

  0
CIRCLE
  5
49B
330
49A
100
AcDbEntity
  8
Pad Holes
100
AcDbCircle
 10
22.85999746
 20
-1.26999492
 30
0.0
 40
0.499999
  0
CIRCLE
  5
49C
330
49A
100
AcDbEntity
  8
Pad Holes
100
AcDbCircle
 10
25.4
 20
1.27000762
 30
0.0
 40
0.499999
  0
CIRCLE
  5
49D
330
49A
100
AcDbEntity
  8
Pad Holes
100
AcDbCircle
 10
-25.39999746
 20
-1.26999492
 30
0.0
 40
0.499999
  0
CIRCLE
  5
49E
330
49A
100
AcDbEntity
  8
Pad Holes
100
AcDbCircle
 10
-25.39999746
 20
1.27000254
 30
0.0
 40
0.499999
  0
CIRCLE
  5
49F
330
49A
100
AcDbEntity
  8
Pad Holes
100
AcDbCircle
 10
25.4
 20
-1.26998984
 30
0.0
 40
0.499999
  0
CIRCLE
  5
4A0
330
49A
100
AcDbEntity
  8
Pad Holes
100
AcDbCircle
 10
-27.94
 20
1.27000762
 30
0.0
 40
0.499999
  0
CIRCLE
  5
4A1
330
49A
100
AcDbEntity
  8
Pad Holes
100
AcDbCircle
 10
-27.94000254
 20
-1.26999492
 30
0.0
 40
0.499999
  0
CIRCLE
  5
4A2
330
49A
100
AcDbEntity
  8
Pad Holes
100
AcDbCircle
 10
-2.53999746
 20
-1.26999492
 30
0.0
 40
0.499999
  0
CIRCLE
  5
4A3
330
49A
100
AcDbEntity
  8
Pad Holes
100
AcDbCircle
 10
-12.7
 20
-1.26999492
 30
0.0
 40
0.499999
  0
CIRCLE
  5
4A4
330
49A
100
AcDbEntity
  8
Pad Holes
100
AcDbCircle
 10
-30.47999492
 20
1.27000254
 30
0.0
 40
0.499999
  0
CIRCLE
  5
4A5
330
49A
100
AcDbEntity
  8
Pad Holes
100
AcDbCircle
 10
30.47999746
 20
1.26999746
 30
0.0
 40
0.499999
  0
CIRCLE
  5
4A6
330
49A
100
AcDbEntity
  8
Pad Holes
100
AcDbCircle
 10
-30.47999746
 20
-1.26999238
 30
0.0
 40
0.499999
  0
CIRCLE
  5
4A7
330
49A
100
AcDbEntity
  8
Pad Holes
100
AcDbCircle
 10
30.48000254
 20
-1.26999492
 30
0.0
 40
0.499999
  0
CIRCLE
  5
4A8
330
49A
100
AcDbEntity
  8
Pad Holes
100
AcDbCircle
 10
-7.619999999999999
 20
1.26999746
 30
0.0
 40
0.499999
  0
CIRCLE
  5
4A9
330
49A
100
AcDbEntity
  8
Pad Holes
100
AcDbCircle
 10
-15.24
 20
-1.26999492
 30
0.0
 40
0.499999
  0
CIRCLE
  5
4AA
330
49A
100
AcDbEntity
  8
Pad Holes
100
AcDbCircle
 10
-15.23999746
 20
1.27000254
 30
0.0
 40
0.499999
  0
CIRCLE
  5
4AB
330
49A
100
AcDbEntity
  8
Pad Holes
100
AcDbCircle
 10
10.16000254
 20
1.27000762
 30
0.0
 40
0.499999
  0
CIRCLE
  5
4AC
330
49A
100
AcDbEntity
  8
Pad Holes
100
AcDbCircle
 10
7.62000254
 20
-1.26999492
 30
0.0
 40
0.499999
  0
CIRCLE
  5
4AD
330
49A
100
AcDbEntity
  8
Pad Holes
100
AcDbCircle
 10
2.54
 20
1.26999746
 30
0.0
 40
0.499999
  0
CIRCLE
  5
4AE
330
49A
100
AcDbEntity
  8
Pad Holes
100
AcDbCircle
 10
10.15999492
 20
-1.26999492
 30
0.0
 40
0.499999
  0
CIRCLE
  5
4AF
330
49A
100
AcDbEntity
  8
Pad Holes
100
AcDbCircle
 10
5.08000254
 20
-1.26999238
 30
0.0
 40
0.499999
  0
CIRCLE
  5
4B0
330
49A
100
AcDbEntity
  8
Pad Holes
100
AcDbCircle
 10
20.32000254
 20
-1.26999492
 30
0.0
 40
0.499999
  0
CIRCLE
  5
4B1
330
49A
100
AcDbEntity
  8
Pad Holes
100
AcDbCircle
 10
0.00000254
 20
1.27000762
 30
0.0
 40
0.499999
  0
CIRCLE
  5
4B2
330
49A
100
AcDbEntity
  8
Pad Holes
100
AcDbCircle
 10
20.32000254
 20
1.27000254
 30
0.0
 40
0.499999
  0
CIRCLE
  5
4B3
330
49A
100
AcDbEntity
  8
Pad Holes
100
AcDbCircle
 10
5.080005079999999
 20
1.27000254
 30
0.0
 40
0.499999
  0
CIRCLE
  5
4B4
330
49A
100
AcDbEntity
  8
Pad Holes
100
AcDbCircle
 10
2.54000254
 20
-1.26999238
 30
0.0
 40
0.499999
  0
CIRCLE
  5
4B5
330
49A
100
AcDbEntity
  8
Pad Holes
100
AcDbCircle
 10
7.62000254
 20
1.27000254
 30
0.0
 40
0.499999
  0
CIRCLE
  5
4B6
330
49A
100
AcDbEntity
  8
Pad Holes
100
AcDbCircle
 10
-7.619999999999999
 20
-1.26999492
 30
0.0
 40
0.499999
  0
CIRCLE
  5
4B7
330
49A
100
AcDbEntity
  8
Pad Holes
100
AcDbCircle
 10
15.24
 20
-1.26999492
 30
0.0
 40
0.499999
  0
CIRCLE
  5
4B8
330
49A
100
AcDbEntity
  8
Pad Holes
100
AcDbCircle
 10
-20.32
 20
1.26999746
 30
0.0
 40
0.499999
  0
CIRCLE
  5
4B9
330
49A
100
AcDbEntity
  8
Pad Holes
100
AcDbCircle
 10
17.78000254
 20
-1.26999746
 30
0.0
 40
0.499999
  0
CIRCLE
  5
4BA
330
49A
100
AcDbEntity
  8
Pad Holes
100
AcDbCircle
 10
-5.08
 20
-1.26999238
 30
0.0
 40
0.499999
  0
CIRCLE
  5
4BB
330
49A
100
AcDbEntity
  8
Pad Holes
100
AcDbCircle
 10
15.24
 20
1.26999746
 30
0.0
 40
0.499999
  0
CIRCLE
  5
4BC
330
49A
100
AcDbEntity
  8
Pad Holes
100
AcDbCircle
 10
-5.08
 20
1.27000762
 30
0.0
 40
0.499999
  0
CIRCLE
  5
4BD
330
49A
100
AcDbEntity
  8
Pad Holes
100
AcDbCircle
 10
-10.16000254
 20
1.27000762
 30
0.0
 40
0.499999
  0
CIRCLE
  5
4BE
330
49A
100
AcDbEntity
  8
Pad Holes
100
AcDbCircle
 10
-10.16
 20
-1.26999492
 30
0.0
 40
0.499999
  0
CIRCLE
  5
4BF
330
49A
100
AcDbEntity
  8
Pad Holes
100
AcDbCircle
 10
27.94000508
 20
1.27000254
 30
0.0
 40
0.499999
  0
CIRCLE
  5
4C0
330
49A
100
AcDbEntity
  8
Pad Holes
100
AcDbCircle
 10
27.94000254
 20
-1.26999238
 30
0.0
 40
0.499999
  0
CIRCLE
  5
4C1
330
49A
100
AcDbEntity
  8
Pad Holes
100
AcDbCircle
 10
22.86000254
 20
1.27000762
 30
0.0
 40
0.499999
  0
CIRCLE
  5
4C2
330
49A
100
AcDbEntity
  8
Pad Holes
100
AcDbCircle
 10
17.78
 20
1.27000762
 30
0.0
 40
0.499999
  0
CIRCLE
  5
4C3
330
49A
100
AcDbEntity
  8
Pad Holes
100
AcDbCircle
 10
12.69999746
 20
1.27000762
 30
0.0
 40
0.499999
  0
CIRCLE
  5
4C4
330
49A
100
AcDbEntity
  8
Pad Holes
100
AcDbCircle
 10
12.7
 20
-1.26999492
 30
0.0
 40
0.499999
  0
CIRCLE
  5
4C5
330
49A
100
AcDbEntity
  8
Pad Holes
100
AcDbCircle
 10
-0.00000254
 20
-1.26999492
 30
0.0
 40
0.499999
  0
CIRCLE
  5
4C6
330
49A
100
AcDbEntity
  8
Pad Holes
100
AcDbCircle
 10
-2.53999746
 20
1.27000254
 30
0.0
 40
0.499999
  0
CIRCLE
  5
4C7
330
49A
100
AcDbEntity
  8
Pad Holes
100
AcDbCircle
 10
-12.69999746
 20
1.27000762
 30
0.0
 40
0.499999
  0
CIRCLE
  5
4C8
330
49A
100
AcDbEntity
  8
Pad Holes
100
AcDbCircle
 10
-17.77999492
 20
1.27000254
 30
0.0
 40
0.499999
  0
CIRCLE
  5
4C9
330
49A
100
AcDbEntity
  8
Pad Holes
100
AcDbCircle
 10
-17.77999746
 20
-1.26999238
 30
0.0
 40
0.499999
  0
CIRCLE
  5
4CA
330
49A
100
AcDbEntity
  8
Pad Holes
100
AcDbCircle
 10
-20.31999746
 20
-1.26999238
 30
0.0
 40
0.499999
  0
CIRCLE
  5
4CB
330
49A
100
AcDbEntity
  8
Pad Holes
100
AcDbCircle
 10
-22.86
 20
1.27000254
 30
0.0
 40
0.499999
  0
CIRCLE
  5
4CC
330
49A
100
AcDbEntity
  8
Pad Holes
100
AcDbCircle
 10
-22.86
 20
-1.26999492
 30
0.0
 40
0.499999
  0
ENDBLK
  5
59F
330
49A
100
AcDbEntity
  8
0
100
AcDbBlockEnd
  0
BLOCK
  5
5A0
330
4CE
100
AcDbEntity
  8
0
100
AcDbBlockBegin
  2
CONN_SKT_2POS_100MILS_TH_205
 70
     0
 10
0.0
 20
0.0
 30
0.0
  3
CONN_SKT_2POS_100MILS_TH_205
  1

  0
CIRCLE
  5
4CF
330
4CE
100
AcDbEntity
  8
Pad Holes
100
AcDbCircle
 10
-1.27
 20
0.0
 30
0.0
 40
0.499999
  0
CIRCLE
  5
4D0
330
4CE
100
AcDbEntity
  8
Pad Holes
100
AcDbCircle
 10
1.27
 20
0.0
 30
0.0
 40
0.499999
  0
ENDBLK
  5
5A1
330
4CE
100
AcDbEntity
  8
0
100
AcDbBlockEnd
  0
BLOCK
  5
5A2
330
4D2
100
AcDbEntity
  8
0
100
AcDbBlockBegin
  2
CONN_SKT_2POS_100MILS_TH_206
 70
     0
 10
0.0
 20
0.0
 30
0.0
  3
CONN_SKT_2POS_100MILS_TH_206
  1

  0
CIRCLE
  5
4D3
330
4D2
100
AcDbEntity
  8
Pad Holes
100
AcDbCircle
 10
-1.27
 20
0.0
 30
0.0
 40
0.499999
  0
CIRCLE
  5
4D4
330
4D2
100
AcDbEntity
  8
Pad Holes
100
AcDbCircle
 10
1.27
 20
0.0
 30
0.0
 40
0.499999
  0
ENDBLK
  5
5A3
330
4D2
100
AcDbEntity
  8
0
100
AcDbBlockEnd
  0
ENDSEC
  0
SECTION
  2
ENTITIES
  0
LINE
  5
62
330
1F
100
AcDbEntity
  8
Board
100
AcDbLine
 10
2.50000262
 20
110.00000098
 30
0.0
 11
197.4999987
 21
109.99999844
 31
0.0
  0
LINE
  5
63
330
1F
100
AcDbEntity
  8
Board
100
AcDbLine
 10
2.49999754
 20
0.0
 30
0.0
 11
197.499986
 21
0.0
 31
0.0
  0
LINE
  5
64
330
1F
100
AcDbEntity
  8
Board
100
AcDbLine
 10
-0.00004318
 20
107.49999328
 30
0.0
 11
0.0
 21
2.49999754
 31
0.0
  0
LINE
  5
65
330
1F
100
AcDbEntity
  8
Board
100
AcDbLine
 10
200.00000132
 20
2.5000077
 30
0.0
 11
200.00000894
 21
107.49999328
 31
0.0
  0
ARC
  5
66
330
1F
100
AcDbEntity
  8
Board
100
AcDbCircle
 10
2.50000262
 20
107.49999328
 30
0.0
 40
2.5000077
100
AcDbArc
 50
90.0
 51
180.0
  0
ARC
  5
67
330
1F
100
AcDbEntity
  8
Board
100
AcDbCircle
 10
197.4999987
 20
107.49999328
 30
0.0
 40
2.50000516
100
AcDbArc
 50
0.0
 51
90.0
  0
ARC
  5
68
330
1F
100
AcDbEntity
  8
Board
100
AcDbCircle
 10
197.499986
 20
2.5000077
 30
0.0
 40
2.50001532
100
AcDbArc
 50
270.0
 51
0.0
  0
ARC
  5
69
330
1F
100
AcDbEntity
  8
Board
100
AcDbCircle
 10
2.49999754
 20
2.49999754
 30
0.0
 40
2.49999754
100
AcDbArc
 50
180.0
 51
270.0
  0
CIRCLE
  5
6A
330
1F
100
AcDbEntity
  8
Via Holes
100
AcDbCircle
 10
67.49999962
 20
31.250001
 30
0.0
 40
0.1499997
  0
CIRCLE
  5
6B
330
1F
100
AcDbEntity
  8
Via Holes
100
AcDbCircle
 10
52.49999913999999
 20
35.00000112
 30
0.0
 40
0.1499997
  0
CIRCLE
  5
6C
330
1F
100
AcDbEntity
  8
Via Holes
100
AcDbCircle
 10
52.49999913999999
 20
27.50000088
 30
0.0
 40
0.1499997
  0
CIRCLE
  5
6D
330
1F
100
AcDbEntity
  8
Via Holes
100
AcDbCircle
 10
47.49999898
 20
2.50000008
 30
0.0
 40
0.1499997
  0
CIRCLE
  5
6E
330
1F
100
AcDbEntity
  8
Via Holes
100
AcDbCircle
 10
47.49999898
 20
22.50000072
 30
0.0
 40
0.1499997
  0
CIRCLE
  5
6F
330
1F
100
AcDbEntity
  8
Via Holes
100
AcDbCircle
 10
47.49999898
 20
17.50000056
 30
0.0
 40
0.1499997
  0
CIRCLE
  5
70
330
1F
100
AcDbEntity
  8
Via Holes
100
AcDbCircle
 10
47.49999898
 20
12.5000004
 30
0.0
 40
0.1499997
  0
CIRCLE
  5
71
330
1F
100
AcDbEntity
  8
Via Holes
100
AcDbCircle
 10
47.49999898
 20
7.50000024
 30
0.0
 40
0.1499997
  0
CIRCLE
  5
72
330
1F
100
AcDbEntity
  8
Via Holes
100
AcDbCircle
 10
33.24999954
 20
9.49999878
 30
0.0
 40
0.2499995
  0
CIRCLE
  5
73
330
1F
100
AcDbEntity
  8
Via Holes
100
AcDbCircle
 10
12.5000004
 20
57.4999993
 30
0.0
 40
0.1499997
  0
CIRCLE
  5
74
330
1F
100
AcDbEntity
  8
Via Holes
100
AcDbCircle
 10
12.5000004
 20
50.9999996
 30
0.0
 40
0.1499997
  0
CIRCLE
  5
75
330
1F
100
AcDbEntity
  8
Via Holes
100
AcDbCircle
 10
109.24999994
 20
87.25000075999999
 30
0.0
 40
0.1499997
  0
CIRCLE
  5
76
330
1F
100
AcDbEntity
  8
Via Holes
100
AcDbCircle
 10
96.25000054
 20
85.24999968
 30
0.0
 40
0.2499995
  0
CIRCLE
  5
77
330
1F
100
AcDbEntity
  8
Via Holes
100
AcDbCircle
 10
63.999999
 20
72.49999978
 30
0.0
 40
0.1499997
  0
CIRCLE
  5
78
330
1F
100
AcDbEntity
  8
Via Holes
100
AcDbCircle
 10
63.999999
 20
74.99999986
 30
0.0
 40
0.1499997
  0
CIRCLE
  5
79
330
1F
100
AcDbEntity
  8
Via Holes
100
AcDbCircle
 10
40.99999928
 20
33.49999904
 30
0.0
 40
0.2499995
  0
CIRCLE
  5
7A
330
1F
100
AcDbEntity
  8
Via Holes
100
AcDbCircle
 10
39.00000074
 20
33.49999904
 30
0.0
 40
0.2499995
  0
CIRCLE
  5
7B
330
1F
100
AcDbEntity
  8
Via Holes
100
AcDbCircle
 10
44.4999999
 20
33.49999904
 30
0.0
 40
0.2499995
  0
CIRCLE
  5
7C
330
1F
100
AcDbEntity
  8
Via Holes
100
AcDbCircle
 10
46.50000098
 20
33.49999904
 30
0.0
 40
0.2499995
  0
CIRCLE
  5
7D
330
1F
100
AcDbEntity
  8
Via Holes
100
AcDbCircle
 10
73.74999982
 20
35.99999912
 30
0.0
 40
0.2499995
  0
CIRCLE
  5
7E
330
1F
100
AcDbEntity
  8
Via Holes
100
AcDbCircle
 10
73.75072372
 20
38.54401486
 30
0.0
 40
0.2499995
  0
CIRCLE
  5
7F
330
1F
100
AcDbEntity
  8
Via Holes
100
AcDbCircle
 10
11.00000086
 20
71.49999924
 30
0.0
 40
0.2499995
  0
CIRCLE
  5
80
330
1F
100
AcDbEntity
  8
Via Holes
100
AcDbCircle
 10
8.999997239999999
 20
91.30000027999999
 30
0.0
 40
0.2499995
  0
CIRCLE
  5
81
330
1F
100
AcDbEntity
  8
Via Holes
100
AcDbCircle
 10
14.49999894
 20
73.50000032
 30
0.0
 40
0.2499995
  0
CIRCLE
  5
82
330
1F
100
AcDbEntity
  8
Via Holes
100
AcDbCircle
 10
24.00000026
 20
63.5
 30
0.0
 40
0.2499995
  0
CIRCLE
  5
83
330
1F
100
AcDbEntity
  8
Via Holes
100
AcDbCircle
 10
25.59792188
 20
65.0066899
 30
0.0
 40
0.2499995
  0
CIRCLE
  5
84
330
1F
100
AcDbEntity
  8
Via Holes
100
AcDbCircle
 10
93.50000096
 20
43.49999936
 30
0.0
 40
0.1499997
  0
CIRCLE
  5
85
330
1F
100
AcDbEntity
  8
Via Holes
100
AcDbCircle
 10
95.52500072
 20
36.97500098
 30
0.0
 40
0.1499997
  0
CIRCLE
  5
86
330
1F
100
AcDbEntity
  8
Via Holes
100
AcDbCircle
 10
95.49999949999999
 20
46.99999998
 30
0.0
 40
0.1499997
  0
CIRCLE
  5
87
330
1F
100
AcDbEntity
  8
Via Holes
100
AcDbCircle
 10
93.50000096
 20
54.00000121999999
 30
0.0
 40
0.1499997
  0
CIRCLE
  5
88
330
1F
100
AcDbEntity
  8
Via Holes
100
AcDbCircle
 10
96.00000104
 20
88.74999775999999
 30
0.0
 40
0.2499995
  0
CIRCLE
  5
89
330
1F
100
AcDbEntity
  8
Via Holes
100
AcDbCircle
 10
115.99999914
 20
83.50000064
 30
0.0
 40
0.2499995
  0
CIRCLE
  5
8A
330
1F
100
AcDbEntity
  8
Via Holes
100
AcDbCircle
 10
156.00000042
 20
83.50000064
 30
0.0
 40
0.2499995
  0
CIRCLE
  5
8B
330
1F
100
AcDbEntity
  8
Via Holes
100
AcDbCircle
 10
54.25000071999999
 20
105.74999932
 30
0.0
 40
0.2499995
  0
CIRCLE
  5
8C
330
1F
100
AcDbEntity
  8
Via Holes
100
AcDbCircle
 10
158.5000005
 20
83.50000064
 30
0.0
 40
0.2499995
  0
CIRCLE
  5
8D
330
1F
100
AcDbEntity
  8
Via Holes
100
AcDbCircle
 10
118.24999972
 20
83.50000064
 30
0.0
 40
0.2499995
  0
CIRCLE
  5
8E
330
1F
100
AcDbEntity
  8
Via Holes
100
AcDbCircle
 10
118.75000126
 20
82.00000109999999
 30
0.0
 40
0.2499995
  0
CIRCLE
  5
8F
330
1F
100
AcDbEntity
  8
Via Holes
100
AcDbCircle
 10
8.99999978
 20
89.2499993
 30
0.0
 40
0.2499995
  0
CIRCLE
  5
90
330
1F
100
AcDbEntity
  8
Via Holes
100
AcDbCircle
 10
26.50000542
 20
41.7399978
 30
0.0
 40
0.2499995
  0
CIRCLE
  5
91
330
1F
100
AcDbEntity
  8
Via Holes
100
AcDbCircle
 10
24.75000384
 20
40.48999775999999
 30
0.0
 40
0.2499995
  0
CIRCLE
  5
92
330
1F
100
AcDbEntity
  8
Via Holes
100
AcDbCircle
 10
18.5000011
 20
45.74999994
 30
0.0
 40
0.2499995
  0
CIRCLE
  5
93
330
1F
100
AcDbEntity
  8
Via Holes
100
AcDbCircle
 10
19.4999991
 20
42.75000085999999
 30
0.0
 40
0.2499995
  0
CIRCLE
  5
94
330
1F
100
AcDbEntity
  8
Via Holes
100
AcDbCircle
 10
72.49999978
 20
86.49999972
 30
0.0
 40
0.1499997
  0
CIRCLE
  5
95
330
1F
100
AcDbEntity
  8
Via Holes
100
AcDbCircle
 10
101.2500007
 20
70.50000124
 30
0.0
 40
0.1499997
  0
CIRCLE
  5
96
330
1F
100
AcDbEntity
  8
Via Holes
100
AcDbCircle
 10
105.25000032
 20
74.99999986
 30
0.0
 40
0.1499997
  0
CIRCLE
  5
97
330
1F
100
AcDbEntity
  8
Via Holes
100
AcDbCircle
 10
113.24999956
 20
70.24999919999999
 30
0.0
 40
0.1499997
  0
CIRCLE
  5
98
330
1F
100
AcDbEntity
  8
Via Holes
100
AcDbCircle
 10
108.75000094
 20
74.99999986
 30
0.0
 40
0.1499997
  0
CIRCLE
  5
99
330
1F
100
AcDbEntity
  8
Via Holes
100
AcDbCircle
 10
116.25000118
 20
74.99999986
 30
0.0
 40
0.1499997
  0
CIRCLE
  5
9A
330
1F
100
AcDbEntity
  8
Via Holes
100
AcDbCircle
 10
93.75000046
 20
81.00000055999999
 30
0.0
 40
0.1499997
  0
CIRCLE
  5
9B
330
1F
100
AcDbEntity
  8
Via Holes
100
AcDbCircle
 10
57.4999993
 20
12.5000004
 30
0.0
 40
0.1499997
  0
CIRCLE
  5
9C
330
1F
100
AcDbEntity
  8
Via Holes
100
AcDbCircle
 10
148.50000018
 20
92.99999942
 30
0.0
 40
0.1499997
  0
CIRCLE
  5
9D
330
1F
100
AcDbEntity
  8
Via Holes
100
AcDbCircle
 10
27.24999884
 20
8.75000028
 30
0.0
 40
0.2499995
  0
CIRCLE
  5
9E
330
1F
100
AcDbEntity
  8
Via Holes
100
AcDbCircle
 10
189.00000046
 20
82.00000109999999
 30
0.0
 40
0.2499995
  0
CIRCLE
  5
9F
330
1F
100
AcDbEntity
  8
Via Holes
100
AcDbCircle
 10
148.99999918
 20
82.00000109999999
 30
0.0
 40
0.2499995
  0
CIRCLE
  5
A0
330
1F
100
AcDbEntity
  8
Via Holes
100
AcDbCircle
 10
155.24999938
 20
15.49999694
 30
0.0
 40
0.1499997
  0
CIRCLE
  5
A1
330
1F
100
AcDbEntity
  8
Via Holes
100
AcDbCircle
 10
153.25000084
 20
13.50000094
 30
0.0
 40
0.1499997
  0
CIRCLE
  5
A2
330
1F
100
AcDbEntity
  8
Via Holes
100
AcDbCircle
 10
102.50000074
 20
43.24999986
 30
0.0
 40
0.1499997
  0
CIRCLE
  5
A3
330
1F
100
AcDbEntity
  8
Via Holes
100
AcDbCircle
 10
100.15000036
 20
55.10000156
 30
0.0
 40
0.2499995
  0
CIRCLE
  5
A4
330
1F
100
AcDbEntity
  8
Via Holes
100
AcDbCircle
 10
100.25000016
 20
45.25000094
 30
0.0
 40
0.2499995
  0
CIRCLE
  5
A5
330
1F
100
AcDbEntity
  8
Via Holes
100
AcDbCircle
 10
20.49999964
 20
33.00000004
 30
0.0
 40
0.2499995
  0
CIRCLE
  5
A6
330
1F
100
AcDbEntity
  8
Via Holes
100
AcDbCircle
 10
16.00000102
 20
32.4999985
 30
0.0
 40
0.2499995
  0
CIRCLE
  5
A7
330
1F
100
AcDbEntity
  8
Via Holes
100
AcDbCircle
 10
18.5000011
 20
32.4999985
 30
0.0
 40
0.2499995
  0
CIRCLE
  5
A8
330
1F
100
AcDbEntity
  8
Via Holes
100
AcDbCircle
 10
27.50000088
 20
11.99999886
 30
0.0
 40
0.2499995
  0
CIRCLE
  5
A9
330
1F
100
AcDbEntity
  8
Via Holes
100
AcDbCircle
 10
31.75
 20
10.49999932
 30
0.0
 40
0.2499995
  0
CIRCLE
  5
AA
330
1F
100
AcDbEntity
  8
Via Holes
100
AcDbCircle
 10
29.91000368
 20
10.49999932
 30
0.0
 40
0.2499995
  0
CIRCLE
  5
AB
330
1F
100
AcDbEntity
  8
Via Holes
100
AcDbCircle
 10
19.75000114
 20
31.5000005
 30
0.0
 40
0.2499995
  0
CIRCLE
  5
AC
330
1F
100
AcDbEntity
  8
Via Holes
100
AcDbCircle
 10
147.00000064
 20
83.50000064
 30
0.0
 40
0.2499995
  0
CIRCLE
  5
AD
330
1F
100
AcDbEntity
  8
Via Holes
100
AcDbCircle
 10
185.49999984
 20
82.7499996
 30
0.0
 40
0.2499995
  0
CIRCLE
  5
AE
330
1F
100
AcDbEntity
  8
Via Holes
100
AcDbCircle
 10
181.50000022
 20
81.49999955999999
 30
0.0
 40
0.2499995
  0
CIRCLE
  5
AF
330
1F
100
AcDbEntity
  8
Via Holes
100
AcDbCircle
 10
22.50000072
 20
33.00000004
 30
0.0
 40
0.2499995
  0
CIRCLE
  5
B0
330
1F
100
AcDbEntity
  8
Via Holes
100
AcDbCircle
 10
22.50000072
 20
31.5000005
 30
0.0
 40
0.2499995
  0
CIRCLE
  5
B1
330
1F
100
AcDbEntity
  8
Via Holes
100
AcDbCircle
 10
24.74999876
 20
38.2499997
 30
0.0
 40
0.2499995
  0
CIRCLE
  5
B2
330
1F
100
AcDbEntity
  8
Via Holes
100
AcDbCircle
 10
26.50000034
 20
36.99999966
 30
0.0
 40
0.2499995
  0
CIRCLE
  5
B3
330
1F
100
AcDbEntity
  8
Via Holes
100
AcDbCircle
 10
13.50000094
 20
38.2499997
 30
0.0
 40
0.2499995
  0
CIRCLE
  5
B4
330
1F
100
AcDbEntity
  8
Via Holes
100
AcDbCircle
 10
31.250001
 20
8.75000028
 30
0.0
 40
0.2499995
  0
CIRCLE
  5
B5
330
1F
100
AcDbEntity
  8
Via Holes
100
AcDbCircle
 10
119.00000076
 20
10.74999882
 30
0.0
 40
0.2499995
  0
CIRCLE
  5
B6
330
1F
100
AcDbEntity
  8
Via Holes
100
AcDbCircle
 10
116.99999968
 20
10.49999932
 30
0.0
 40
0.2499995
  0
CIRCLE
  5
B7
330
1F
100
AcDbEntity
  8
Via Holes
100
AcDbCircle
 10
162.74999962
 20
13.99999994
 30
0.0
 40
0.2499995
  0
CIRCLE
  5
B8
330
1F
100
AcDbEntity
  8
Via Holes
100
AcDbCircle
 10
166.74999924
 20
13.99999994
 30
0.0
 40
0.2499995
  0
CIRCLE
  5
B9
330
1F
100
AcDbEntity
  8
Via Holes
100
AcDbCircle
 10
148.50000018
 20
90.49999934
 30
0.0
 40
0.1499997
  0
CIRCLE
  5
BA
330
1F
100
AcDbEntity
  8
Via Holes
100
AcDbCircle
 10
91.06546176
 20
95.11335054
 30
0.0
 40
0.1499997
  0
CIRCLE
  5
BB
330
1F
100
AcDbEntity
  8
Via Holes
100
AcDbCircle
 10
90.00000033999999
 20
97.99999958
 30
0.0
 40
0.1499997
  0
CIRCLE
  5
BC
330
1F
100
AcDbEntity
  8
Via Holes
100
AcDbCircle
 10
152.4999998
 20
17.50000056
 30
0.0
 40
0.1499997
  0
CIRCLE
  5
BD
330
1F
100
AcDbEntity
  8
Via Holes
100
AcDbCircle
 10
162.50000012
 20
17.50000056
 30
0.0
 40
0.1499997
  0
CIRCLE
  5
BE
330
1F
100
AcDbEntity
  8
Via Holes
100
AcDbCircle
 10
165.0000002
 20
17.50000056
 30
0.0
 40
0.1499997
  0
CIRCLE
  5
BF
330
1F
100
AcDbEntity
  8
Via Holes
100
AcDbCircle
 10
165.0000002
 20
22.50000072
 30
0.0
 40
0.1499997
  0
CIRCLE
  5
C0
330
1F
100
AcDbEntity
  8
Via Holes
100
AcDbCircle
 10
160.00000004
 20
22.50000072
 30
0.0
 40
0.1499997
  0
CIRCLE
  5
C1
330
1F
100
AcDbEntity
  8
Via Holes
100
AcDbCircle
 10
157.49999996
 20
25.0000008
 30
0.0
 40
0.1499997
  0
CIRCLE
  5
C2
330
1F
100
AcDbEntity
  8
Via Holes
100
AcDbCircle
 10
165.0000002
 20
27.50000088
 30
0.0
 40
0.1499997
  0
CIRCLE
  5
C3
330
1F
100
AcDbEntity
  8
Via Holes
100
AcDbCircle
 10
160.00000004
 20
27.50000088
 30
0.0
 40
0.1499997
  0
CIRCLE
  5
C4
330
1F
100
AcDbEntity
  8
Via Holes
100
AcDbCircle
 10
152.4999998
 20
27.50000088
 30
0.0
 40
0.1499997
  0
CIRCLE
  5
C5
330
1F
100
AcDbEntity
  8
Via Holes
100
AcDbCircle
 10
165.0000002
 20
32.50000104
 30
0.0
 40
0.1499997
  0
CIRCLE
  5
C6
330
1F
100
AcDbEntity
  8
Via Holes
100
AcDbCircle
 10
160.00000004
 20
32.50000104
 30
0.0
 40
0.1499997
  0
CIRCLE
  5
C7
330
1F
100
AcDbEntity
  8
Via Holes
100
AcDbCircle
 10
154.99999988
 20
32.50000104
 30
0.0
 40
0.1499997
  0
CIRCLE
  5
C8
330
1F
100
AcDbEntity
  8
Via Holes
100
AcDbCircle
 10
149.99999972
 20
32.50000104
 30
0.0
 40
0.1499997
  0
CIRCLE
  5
C9
330
1F
100
AcDbEntity
  8
Via Holes
100
AcDbCircle
 10
144.99999956
 20
39.99999874
 30
0.0
 40
0.1499997
  0
CIRCLE
  5
CA
330
1F
100
AcDbEntity
  8
Via Holes
100
AcDbCircle
 10
139.9999994
 20
44.99999889999999
 30
0.0
 40
0.1499997
  0
CIRCLE
  5
CB
330
1F
100
AcDbEntity
  8
Via Holes
100
AcDbCircle
 10
134.99999924
 20
49.99999905999999
 30
0.0
 40
0.1499997
  0
CIRCLE
  5
CC
330
1F
100
AcDbEntity
  8
Via Holes
100
AcDbCircle
 10
154.99999988
 20
37.5000012
 30
0.0
 40
0.1499997
  0
CIRCLE
  5
CD
330
1F
100
AcDbEntity
  8
Via Holes
100
AcDbCircle
 10
160.00000004
 20
37.5000012
 30
0.0
 40
0.1499997
  0
CIRCLE
  5
CE
330
1F
100
AcDbEntity
  8
Via Holes
100
AcDbCircle
 10
165.0000002
 20
37.5000012
 30
0.0
 40
0.1499997
  0
CIRCLE
  5
CF
330
1F
100
AcDbEntity
  8
Via Holes
100
AcDbCircle
 10
165.0000002
 20
42.49999881999999
 30
0.0
 40
0.1499997
  0
CIRCLE
  5
D0
330
1F
100
AcDbEntity
  8
Via Holes
100
AcDbCircle
 10
160.00000004
 20
42.49999881999999
 30
0.0
 40
0.1499997
  0
CIRCLE
  5
D1
330
1F
100
AcDbEntity
  8
Via Holes
100
AcDbCircle
 10
154.99999988
 20
42.49999881999999
 30
0.0
 40
0.1499997
  0
CIRCLE
  5
D2
330
1F
100
AcDbEntity
  8
Via Holes
100
AcDbCircle
 10
149.99999972
 20
42.49999881999999
 30
0.0
 40
0.1499997
  0
CIRCLE
  5
D3
330
1F
100
AcDbEntity
  8
Via Holes
100
AcDbCircle
 10
144.99999956
 20
47.49999898
 30
0.0
 40
0.1499997
  0
CIRCLE
  5
D4
330
1F
100
AcDbEntity
  8
Via Holes
100
AcDbCircle
 10
149.99999972
 20
47.49999898
 30
0.0
 40
0.1499997
  0
CIRCLE
  5
D5
330
1F
100
AcDbEntity
  8
Via Holes
100
AcDbCircle
 10
165.0000002
 20
47.49999898
 30
0.0
 40
0.1499997
  0
CIRCLE
  5
D6
330
1F
100
AcDbEntity
  8
Via Holes
100
AcDbCircle
 10
160.00000004
 20
47.49999898
 30
0.0
 40
0.1499997
  0
CIRCLE
  5
D7
330
1F
100
AcDbEntity
  8
Via Holes
100
AcDbCircle
 10
154.99999988
 20
47.49999898
 30
0.0
 40
0.1499997
  0
CIRCLE
  5
D8
330
1F
100
AcDbEntity
  8
Via Holes
100
AcDbCircle
 10
132.49999916
 20
54.99999922
 30
0.0
 40
0.1499997
  0
CIRCLE
  5
D9
330
1F
100
AcDbEntity
  8
Via Holes
100
AcDbCircle
 10
122.49999884
 20
54.99999922
 30
0.0
 40
0.1499997
  0
CIRCLE
  5
DA
330
1F
100
AcDbEntity
  8
Via Holes
100
AcDbCircle
 10
127.499999
 20
54.99999922
 30
0.0
 40
0.1499997
  0
CIRCLE
  5
DB
330
1F
100
AcDbEntity
  8
Via Holes
100
AcDbCircle
 10
139.9999994
 20
52.49999913999999
 30
0.0
 40
0.1499997
  0
CIRCLE
  5
DC
330
1F
100
AcDbEntity
  8
Via Holes
100
AcDbCircle
 10
144.99999956
 20
52.49999913999999
 30
0.0
 40
0.1499997
  0
CIRCLE
  5
DD
330
1F
100
AcDbEntity
  8
Via Holes
100
AcDbCircle
 10
149.99999972
 20
52.49999913999999
 30
0.0
 40
0.1499997
  0
CIRCLE
  5
DE
330
1F
100
AcDbEntity
  8
Via Holes
100
AcDbCircle
 10
154.99999988
 20
52.49999913999999
 30
0.0
 40
0.1499997
  0
CIRCLE
  5
DF
330
1F
100
AcDbEntity
  8
Via Holes
100
AcDbCircle
 10
160.00000004
 20
52.49999913999999
 30
0.0
 40
0.1499997
  0
CIRCLE
  5
E0
330
1F
100
AcDbEntity
  8
Via Holes
100
AcDbCircle
 10
165.0000002
 20
52.49999913999999
 30
0.0
 40
0.1499997
  0
CIRCLE
  5
E1
330
1F
100
AcDbEntity
  8
Via Holes
100
AcDbCircle
 10
112.50000106
 20
54.99999922
 30
0.0
 40
0.1499997
  0
CIRCLE
  5
E2
330
1F
100
AcDbEntity
  8
Via Holes
100
AcDbCircle
 10
115.00000114
 20
59.99999938
 30
0.0
 40
0.1499997
  0
CIRCLE
  5
E3
330
1F
100
AcDbEntity
  8
Via Holes
100
AcDbCircle
 10
115.00000114
 20
57.4999993
 30
0.0
 40
0.1499997
  0
CIRCLE
  5
E4
330
1F
100
AcDbEntity
  8
Via Holes
100
AcDbCircle
 10
122.49999884
 20
57.4999993
 30
0.0
 40
0.1499997
  0
CIRCLE
  5
E5
330
1F
100
AcDbEntity
  8
Via Holes
100
AcDbCircle
 10
124.99999892
 20
57.4999993
 30
0.0
 40
0.1499997
  0
CIRCLE
  5
E6
330
1F
100
AcDbEntity
  8
Via Holes
100
AcDbCircle
 10
129.99999908
 20
57.4999993
 30
0.0
 40
0.1499997
  0
CIRCLE
  5
E7
330
1F
100
AcDbEntity
  8
Via Holes
100
AcDbCircle
 10
134.99999924
 20
57.4999993
 30
0.0
 40
0.1499997
  0
CIRCLE
  5
E8
330
1F
100
AcDbEntity
  8
Via Holes
100
AcDbCircle
 10
139.9999994
 20
57.4999993
 30
0.0
 40
0.1499997
  0
CIRCLE
  5
E9
330
1F
100
AcDbEntity
  8
Via Holes
100
AcDbCircle
 10
144.99999956
 20
57.4999993
 30
0.0
 40
0.1499997
  0
CIRCLE
  5
EA
330
1F
100
AcDbEntity
  8
Via Holes
100
AcDbCircle
 10
149.99999972
 20
57.4999993
 30
0.0
 40
0.1499997
  0
CIRCLE
  5
EB
330
1F
100
AcDbEntity
  8
Via Holes
100
AcDbCircle
 10
154.99999988
 20
57.4999993
 30
0.0
 40
0.1499997
  0
CIRCLE
  5
EC
330
1F
100
AcDbEntity
  8
Via Holes
100
AcDbCircle
 10
160.00000004
 20
57.4999993
 30
0.0
 40
0.1499997
  0
CIRCLE
  5
ED
330
1F
100
AcDbEntity
  8
Via Holes
100
AcDbCircle
 10
165.0000002
 20
57.4999993
 30
0.0
 40
0.1499997
  0
CIRCLE
  5
EE
330
1F
100
AcDbEntity
  8
Via Holes
100
AcDbCircle
 10
170.00000036
 20
57.4999993
 30
0.0
 40
0.1499997
  0
CIRCLE
  5
EF
330
1F
100
AcDbEntity
  8
Via Holes
100
AcDbCircle
 10
190.000001
 20
74.99999986
 30
0.0
 40
0.1499997
  0
CIRCLE
  5
F0
330
1F
100
AcDbEntity
  8
Via Holes
100
AcDbCircle
 10
187.50000092
 20
72.49999978
 30
0.0
 40
0.1499997
  0
CIRCLE
  5
F1
330
1F
100
AcDbEntity
  8
Via Holes
100
AcDbCircle
 10
190.000001
 20
85.00000018
 30
0.0
 40
0.1499997
  0
CIRCLE
  5
F2
330
1F
100
AcDbEntity
  8
Via Holes
100
AcDbCircle
 10
190.000001
 20
90.00000033999999
 30
0.0
 40
0.1499997
  0
CIRCLE
  5
F3
330
1F
100
AcDbEntity
  8
Via Holes
100
AcDbCircle
 10
190.000001
 20
95.0000005
 30
0.0
 40
0.1499997
  0
CIRCLE
  5
F4
330
1F
100
AcDbEntity
  8
Via Holes
100
AcDbCircle
 10
129.99999908
 20
74.99999986
 30
0.0
 40
0.1499997
  0
CIRCLE
  5
F5
330
1F
100
AcDbEntity
  8
Via Holes
100
AcDbCircle
 10
137.49999932
 20
82.5000001
 30
0.0
 40
0.1499997
  0
CIRCLE
  5
F6
330
1F
100
AcDbEntity
  8
Via Holes
100
AcDbCircle
 10
132.49999916
 20
77.49999994
 30
0.0
 40
0.1499997
  0
CIRCLE
  5
F7
330
1F
100
AcDbEntity
  8
Via Holes
100
AcDbCircle
 10
127.499999
 20
85.00000018
 30
0.0
 40
0.1499997
  0
CIRCLE
  5
F8
330
1F
100
AcDbEntity
  8
Via Holes
100
AcDbCircle
 10
129.99999908
 20
87.50000026
 30
0.0
 40
0.1499997
  0
CIRCLE
  5
F9
330
1F
100
AcDbEntity
  8
Via Holes
100
AcDbCircle
 10
127.499999
 20
95.0000005
 30
0.0
 40
0.1499997
  0
CIRCLE
  5
FA
330
1F
100
AcDbEntity
  8
Via Holes
100
AcDbCircle
 10
129.99999908
 20
97.50000057999999
 30
0.0
 40
0.1499997
  0
CIRCLE
  5
FB
330
1F
100
AcDbEntity
  8
Via Holes
100
AcDbCircle
 10
127.499999
 20
97.50000057999999
 30
0.0
 40
0.1499997
  0
CIRCLE
  5
FC
330
1F
100
AcDbEntity
  8
Via Holes
100
AcDbCircle
 10
107.5000009
 20
100.00000066
 30
0.0
 40
0.1499997
  0
CIRCLE
  5
FD
330
1F
100
AcDbEntity
  8
Via Holes
100
AcDbCircle
 10
110.00000098
 20
102.50000074
 30
0.0
 40
0.1499997
  0
CIRCLE
  5
FE
330
1F
100
AcDbEntity
  8
Via Holes
100
AcDbCircle
 10
90.00000033999999
 20
102.50000074
 30
0.0
 40
0.1499997
  0
CIRCLE
  5
FF
330
1F
100
AcDbEntity
  8
Via Holes
100
AcDbCircle
 10
85.00000018
 20
102.50000074
 30
0.0
 40
0.1499997
  0
CIRCLE
  5
100
330
1F
100
AcDbEntity
  8
Via Holes
100
AcDbCircle
 10
80.00000001999999
 20
102.50000074
 30
0.0
 40
0.1499997
  0
CIRCLE
  5
101
330
1F
100
AcDbEntity
  8
Via Holes
100
AcDbCircle
 10
95.0000005
 20
80.00000001999999
 30
0.0
 40
0.1499997
  0
CIRCLE
  5
102
330
1F
100
AcDbEntity
  8
Via Holes
100
AcDbCircle
 10
117.50000122
 20
90.00000033999999
 30
0.0
 40
0.1499997
  0
CIRCLE
  5
103
330
1F
100
AcDbEntity
  8
Via Holes
100
AcDbCircle
 10
115.00000114
 20
90.00000033999999
 30
0.0
 40
0.1499997
  0
CIRCLE
  5
104
330
1F
100
AcDbEntity
  8
Via Holes
100
AcDbCircle
 10
139.9999994
 20
74.99999986
 30
0.0
 40
0.1499997
  0
CIRCLE
  5
105
330
1F
100
AcDbEntity
  8
Via Holes
100
AcDbCircle
 10
134.99999924
 20
74.99999986
 30
0.0
 40
0.1499997
  0
CIRCLE
  5
106
330
1F
100
AcDbEntity
  8
Via Holes
100
AcDbCircle
 10
129.99999908
 20
67.49999962
 30
0.0
 40
0.1499997
  0
CIRCLE
  5
107
330
1F
100
AcDbEntity
  8
Via Holes
100
AcDbCircle
 10
134.99999924
 20
67.49999962
 30
0.0
 40
0.1499997
  0
CIRCLE
  5
108
330
1F
100
AcDbEntity
  8
Via Holes
100
AcDbCircle
 10
139.9999994
 20
67.49999962
 30
0.0
 40
0.1499997
  0
CIRCLE
  5
109
330
1F
100
AcDbEntity
  8
Via Holes
100
AcDbCircle
 10
144.99999956
 20
67.49999962
 30
0.0
 40
0.1499997
  0
CIRCLE
  5
10A
330
1F
100
AcDbEntity
  8
Via Holes
100
AcDbCircle
 10
149.99999972
 20
67.49999962
 30
0.0
 40
0.1499997
  0
CIRCLE
  5
10B
330
1F
100
AcDbEntity
  8
Via Holes
100
AcDbCircle
 10
154.99999988
 20
67.49999962
 30
0.0
 40
0.1499997
  0
CIRCLE
  5
10C
330
1F
100
AcDbEntity
  8
Via Holes
100
AcDbCircle
 10
160.00000004
 20
67.49999962
 30
0.0
 40
0.1499997
  0
CIRCLE
  5
10D
330
1F
100
AcDbEntity
  8
Via Holes
100
AcDbCircle
 10
165.0000002
 20
67.49999962
 30
0.0
 40
0.1499997
  0
CIRCLE
  5
10E
330
1F
100
AcDbEntity
  8
Via Holes
100
AcDbCircle
 10
170.00000036
 20
67.49999962
 30
0.0
 40
0.1499997
  0
CIRCLE
  5
10F
330
1F
100
AcDbEntity
  8
Via Holes
100
AcDbCircle
 10
170.00000036
 20
69.99999969999999
 30
0.0
 40
0.1499997
  0
CIRCLE
  5
110
330
1F
100
AcDbEntity
  8
Via Holes
100
AcDbCircle
 10
175.00000052
 20
69.99999969999999
 30
0.0
 40
0.1499997
  0
CIRCLE
  5
111
330
1F
100
AcDbEntity
  8
Via Holes
100
AcDbCircle
 10
180.00000068
 20
74.99999986
 30
0.0
 40
0.1499997
  0
CIRCLE
  5
112
330
1F
100
AcDbEntity
  8
Via Holes
100
AcDbCircle
 10
180.00000068
 20
77.49999994
 30
0.0
 40
0.1499997
  0
CIRCLE
  5
113
330
1F
100
AcDbEntity
  8
Via Holes
100
AcDbCircle
 10
177.5000006
 20
77.49999994
 30
0.0
 40
0.1499997
  0
CIRCLE
  5
114
330
1F
100
AcDbEntity
  8
Via Holes
100
AcDbCircle
 10
175.00000052
 20
74.99999986
 30
0.0
 40
0.1499997
  0
CIRCLE
  5
115
330
1F
100
AcDbEntity
  8
Via Holes
100
AcDbCircle
 10
165.0000002
 20
74.99999986
 30
0.0
 40
0.1499997
  0
CIRCLE
  5
116
330
1F
100
AcDbEntity
  8
Via Holes
100
AcDbCircle
 10
167.50000028
 20
77.49999994
 30
0.0
 40
0.1499997
  0
CIRCLE
  5
117
330
1F
100
AcDbEntity
  8
Via Holes
100
AcDbCircle
 10
162.50000012
 20
74.99999986
 30
0.0
 40
0.1499997
  0
CIRCLE
  5
118
330
1F
100
AcDbEntity
  8
Via Holes
100
AcDbCircle
 10
157.49999996
 20
74.99999986
 30
0.0
 40
0.1499997
  0
CIRCLE
  5
119
330
1F
100
AcDbEntity
  8
Via Holes
100
AcDbCircle
 10
147.49999964
 20
74.99999986
 30
0.0
 40
0.1499997
  0
CIRCLE
  5
11A
330
1F
100
AcDbEntity
  8
Via Holes
100
AcDbCircle
 10
152.4999998
 20
74.99999986
 30
0.0
 40
0.1499997
  0
CIRCLE
  5
11B
330
1F
100
AcDbEntity
  8
Via Holes
100
AcDbCircle
 10
152.4999998
 20
80.00000001999999
 30
0.0
 40
0.1499997
  0
CIRCLE
  5
11C
330
1F
100
AcDbEntity
  8
Via Holes
100
AcDbCircle
 10
154.99999988
 20
85.00000018
 30
0.0
 40
0.1499997
  0
CIRCLE
  5
11D
330
1F
100
AcDbEntity
  8
Via Holes
100
AcDbCircle
 10
152.4999998
 20
87.50000026
 30
0.0
 40
0.1499997
  0
CIRCLE
  5
11E
330
1F
100
AcDbEntity
  8
Via Holes
100
AcDbCircle
 10
167.50000028
 20
80.00000001999999
 30
0.0
 40
0.1499997
  0
CIRCLE
  5
11F
330
1F
100
AcDbEntity
  8
Via Holes
100
AcDbCircle
 10
162.50000012
 20
77.49999994
 30
0.0
 40
0.1499997
  0
CIRCLE
  5
120
330
1F
100
AcDbEntity
  8
Via Holes
100
AcDbCircle
 10
162.50000012
 20
80.00000001999999
 30
0.0
 40
0.1499997
  0
CIRCLE
  5
121
330
1F
100
AcDbEntity
  8
Via Holes
100
AcDbCircle
 10
162.50000012
 20
82.5000001
 30
0.0
 40
0.1499997
  0
CIRCLE
  5
122
330
1F
100
AcDbEntity
  8
Via Holes
100
AcDbCircle
 10
162.50000012
 20
85.00000018
 30
0.0
 40
0.1499997
  0
CIRCLE
  5
123
330
1F
100
AcDbEntity
  8
Via Holes
100
AcDbCircle
 10
162.50000012
 20
87.50000026
 30
0.0
 40
0.1499997
  0
CIRCLE
  5
124
330
1F
100
AcDbEntity
  8
Via Holes
100
AcDbCircle
 10
162.50000012
 20
90.00000033999999
 30
0.0
 40
0.1499997
  0
CIRCLE
  5
125
330
1F
100
AcDbEntity
  8
Via Holes
100
AcDbCircle
 10
167.50000028
 20
90.00000033999999
 30
0.0
 40
0.1499997
  0
CIRCLE
  5
126
330
1F
100
AcDbEntity
  8
Via Holes
100
AcDbCircle
 10
167.50000028
 20
85.00000018
 30
0.0
 40
0.1499997
  0
CIRCLE
  5
127
330
1F
100
AcDbEntity
  8
Via Holes
100
AcDbCircle
 10
172.50000044
 20
85.00000018
 30
0.0
 40
0.1499997
  0
CIRCLE
  5
128
330
1F
100
AcDbEntity
  8
Via Holes
100
AcDbCircle
 10
172.50000044
 20
90.00000033999999
 30
0.0
 40
0.1499997
  0
CIRCLE
  5
129
330
1F
100
AcDbEntity
  8
Via Holes
100
AcDbCircle
 10
180.00000068
 20
97.50000057999999
 30
0.0
 40
0.1499997
  0
CIRCLE
  5
12A
330
1F
100
AcDbEntity
  8
Via Holes
100
AcDbCircle
 10
177.5000006
 20
95.0000005
 30
0.0
 40
0.1499997
  0
CIRCLE
  5
12B
330
1F
100
AcDbEntity
  8
Via Holes
100
AcDbCircle
 10
172.50000044
 20
95.0000005
 30
0.0
 40
0.1499997
  0
CIRCLE
  5
12C
330
1F
100
AcDbEntity
  8
Via Holes
100
AcDbCircle
 10
167.50000028
 20
95.0000005
 30
0.0
 40
0.1499997
  0
CIRCLE
  5
12D
330
1F
100
AcDbEntity
  8
Via Holes
100
AcDbCircle
 10
162.50000012
 20
95.0000005
 30
0.0
 40
0.1499997
  0
CIRCLE
  5
12E
330
1F
100
AcDbEntity
  8
Via Holes
100
AcDbCircle
 10
154.99999988
 20
102.50000074
 30
0.0
 40
0.1499997
  0
CIRCLE
  5
12F
330
1F
100
AcDbEntity
  8
Via Holes
100
AcDbCircle
 10
160.00000004
 20
102.50000074
 30
0.0
 40
0.1499997
  0
CIRCLE
  5
130
330
1F
100
AcDbEntity
  8
Via Holes
100
AcDbCircle
 10
165.0000002
 20
102.50000074
 30
0.0
 40
0.1499997
  0
CIRCLE
  5
131
330
1F
100
AcDbEntity
  8
Via Holes
100
AcDbCircle
 10
170.00000036
 20
102.50000074
 30
0.0
 40
0.1499997
  0
CIRCLE
  5
132
330
1F
100
AcDbEntity
  8
Via Holes
100
AcDbCircle
 10
175.00000052
 20
102.50000074
 30
0.0
 40
0.1499997
  0
CIRCLE
  5
133
330
1F
100
AcDbEntity
  8
Via Holes
100
AcDbCircle
 10
180.00000068
 20
102.50000074
 30
0.0
 40
0.1499997
  0
CIRCLE
  5
134
330
1F
100
AcDbEntity
  8
Via Holes
100
AcDbCircle
 10
185.00000084
 20
102.50000074
 30
0.0
 40
0.1499997
  0
CIRCLE
  5
135
330
1F
100
AcDbEntity
  8
Via Holes
100
AcDbCircle
 10
192.50000108
 20
95.0000005
 30
0.0
 40
0.1499997
  0
CIRCLE
  5
136
330
1F
100
AcDbEntity
  8
Via Holes
100
AcDbCircle
 10
192.50000108
 20
90.00000033999999
 30
0.0
 40
0.1499997
  0
CIRCLE
  5
137
330
1F
100
AcDbEntity
  8
Via Holes
100
AcDbCircle
 10
192.50000108
 20
85.00000018
 30
0.0
 40
0.1499997
  0
CIRCLE
  5
138
330
1F
100
AcDbEntity
  8
Via Holes
100
AcDbCircle
 10
192.50000108
 20
80.00000001999999
 30
0.0
 40
0.1499997
  0
CIRCLE
  5
139
330
1F
100
AcDbEntity
  8
Via Holes
100
AcDbCircle
 10
192.50000108
 20
74.99999986
 30
0.0
 40
0.1499997
  0
CIRCLE
  5
13A
330
1F
100
AcDbEntity
  8
Via Holes
100
AcDbCircle
 10
187.50000092
 20
69.99999969999999
 30
0.0
 40
0.1499997
  0
CIRCLE
  5
13B
330
1F
100
AcDbEntity
  8
Via Holes
100
AcDbCircle
 10
192.50000108
 20
64.99999954
 30
0.0
 40
0.1499997
  0
CIRCLE
  5
13C
330
1F
100
AcDbEntity
  8
Via Holes
100
AcDbCircle
 10
187.50000092
 20
64.99999954
 30
0.0
 40
0.1499997
  0
CIRCLE
  5
13D
330
1F
100
AcDbEntity
  8
Via Holes
100
AcDbCircle
 10
182.50000076
 20
64.99999954
 30
0.0
 40
0.1499997
  0
CIRCLE
  5
13E
330
1F
100
AcDbEntity
  8
Via Holes
100
AcDbCircle
 10
172.50000044
 20
54.99999922
 30
0.0
 40
0.1499997
  0
CIRCLE
  5
13F
330
1F
100
AcDbEntity
  8
Via Holes
100
AcDbCircle
 10
167.50000028
 20
10.00000032
 30
0.0
 40
0.1499997
  0
CIRCLE
  5
140
330
1F
100
AcDbEntity
  8
Via Holes
100
AcDbCircle
 10
172.50000044
 20
5.00000016
 30
0.0
 40
0.1499997
  0
CIRCLE
  5
141
330
1F
100
AcDbEntity
  8
Via Holes
100
AcDbCircle
 10
172.50000044
 20
10.00000032
 30
0.0
 40
0.1499997
  0
CIRCLE
  5
142
330
1F
100
AcDbEntity
  8
Via Holes
100
AcDbCircle
 10
177.5000006
 20
15.00000048
 30
0.0
 40
0.1499997
  0
CIRCLE
  5
143
330
1F
100
AcDbEntity
  8
Via Holes
100
AcDbCircle
 10
172.50000044
 20
15.00000048
 30
0.0
 40
0.1499997
  0
CIRCLE
  5
144
330
1F
100
AcDbEntity
  8
Via Holes
100
AcDbCircle
 10
177.5000006
 20
20.00000064
 30
0.0
 40
0.1499997
  0
CIRCLE
  5
145
330
1F
100
AcDbEntity
  8
Via Holes
100
AcDbCircle
 10
172.50000044
 20
20.00000064
 30
0.0
 40
0.1499997
  0
CIRCLE
  5
146
330
1F
100
AcDbEntity
  8
Via Holes
100
AcDbCircle
 10
177.5000006
 20
25.0000008
 30
0.0
 40
0.1499997
  0
CIRCLE
  5
147
330
1F
100
AcDbEntity
  8
Via Holes
100
AcDbCircle
 10
172.50000044
 20
25.0000008
 30
0.0
 40
0.1499997
  0
CIRCLE
  5
148
330
1F
100
AcDbEntity
  8
Via Holes
100
AcDbCircle
 10
177.5000006
 20
30.00000096
 30
0.0
 40
0.1499997
  0
CIRCLE
  5
149
330
1F
100
AcDbEntity
  8
Via Holes
100
AcDbCircle
 10
172.50000044
 20
30.00000096
 30
0.0
 40
0.1499997
  0
CIRCLE
  5
14A
330
1F
100
AcDbEntity
  8
Via Holes
100
AcDbCircle
 10
177.5000006
 20
35.00000112
 30
0.0
 40
0.1499997
  0
CIRCLE
  5
14B
330
1F
100
AcDbEntity
  8
Via Holes
100
AcDbCircle
 10
172.50000044
 20
35.00000112
 30
0.0
 40
0.1499997
  0
CIRCLE
  5
14C
330
1F
100
AcDbEntity
  8
Via Holes
100
AcDbCircle
 10
177.5000006
 20
39.99999874
 30
0.0
 40
0.1499997
  0
CIRCLE
  5
14D
330
1F
100
AcDbEntity
  8
Via Holes
100
AcDbCircle
 10
172.50000044
 20
39.99999874
 30
0.0
 40
0.1499997
  0
CIRCLE
  5
14E
330
1F
100
AcDbEntity
  8
Via Holes
100
AcDbCircle
 10
177.5000006
 20
44.99999889999999
 30
0.0
 40
0.1499997
  0
CIRCLE
  5
14F
330
1F
100
AcDbEntity
  8
Via Holes
100
AcDbCircle
 10
172.50000044
 20
44.99999889999999
 30
0.0
 40
0.1499997
  0
CIRCLE
  5
150
330
1F
100
AcDbEntity
  8
Via Holes
100
AcDbCircle
 10
177.5000006
 20
49.99999905999999
 30
0.0
 40
0.1499997
  0
CIRCLE
  5
151
330
1F
100
AcDbEntity
  8
Via Holes
100
AcDbCircle
 10
172.50000044
 20
49.99999905999999
 30
0.0
 40
0.1499997
  0
CIRCLE
  5
152
330
1F
100
AcDbEntity
  8
Via Holes
100
AcDbCircle
 10
192.50000108
 20
10.00000032
 30
0.0
 40
0.1499997
  0
CIRCLE
  5
153
330
1F
100
AcDbEntity
  8
Via Holes
100
AcDbCircle
 10
187.50000092
 20
10.00000032
 30
0.0
 40
0.1499997
  0
CIRCLE
  5
154
330
1F
100
AcDbEntity
  8
Via Holes
100
AcDbCircle
 10
182.50000076
 20
10.00000032
 30
0.0
 40
0.1499997
  0
CIRCLE
  5
155
330
1F
100
AcDbEntity
  8
Via Holes
100
AcDbCircle
 10
192.50000108
 20
15.00000048
 30
0.0
 40
0.1499997
  0
CIRCLE
  5
156
330
1F
100
AcDbEntity
  8
Via Holes
100
AcDbCircle
 10
187.50000092
 20
15.00000048
 30
0.0
 40
0.1499997
  0
CIRCLE
  5
157
330
1F
100
AcDbEntity
  8
Via Holes
100
AcDbCircle
 10
182.50000076
 20
15.00000048
 30
0.0
 40
0.1499997
  0
CIRCLE
  5
158
330
1F
100
AcDbEntity
  8
Via Holes
100
AcDbCircle
 10
192.50000108
 20
20.00000064
 30
0.0
 40
0.1499997
  0
CIRCLE
  5
159
330
1F
100
AcDbEntity
  8
Via Holes
100
AcDbCircle
 10
187.50000092
 20
20.00000064
 30
0.0
 40
0.1499997
  0
CIRCLE
  5
15A
330
1F
100
AcDbEntity
  8
Via Holes
100
AcDbCircle
 10
182.50000076
 20
20.00000064
 30
0.0
 40
0.1499997
  0
CIRCLE
  5
15B
330
1F
100
AcDbEntity
  8
Via Holes
100
AcDbCircle
 10
192.50000108
 20
25.0000008
 30
0.0
 40
0.1499997
  0
CIRCLE
  5
15C
330
1F
100
AcDbEntity
  8
Via Holes
100
AcDbCircle
 10
187.50000092
 20
25.0000008
 30
0.0
 40
0.1499997
  0
CIRCLE
  5
15D
330
1F
100
AcDbEntity
  8
Via Holes
100
AcDbCircle
 10
182.50000076
 20
25.0000008
 30
0.0
 40
0.1499997
  0
CIRCLE
  5
15E
330
1F
100
AcDbEntity
  8
Via Holes
100
AcDbCircle
 10
192.50000108
 20
30.00000096
 30
0.0
 40
0.1499997
  0
CIRCLE
  5
15F
330
1F
100
AcDbEntity
  8
Via Holes
100
AcDbCircle
 10
187.50000092
 20
30.00000096
 30
0.0
 40
0.1499997
  0
CIRCLE
  5
160
330
1F
100
AcDbEntity
  8
Via Holes
100
AcDbCircle
 10
182.50000076
 20
30.00000096
 30
0.0
 40
0.1499997
  0
CIRCLE
  5
161
330
1F
100
AcDbEntity
  8
Via Holes
100
AcDbCircle
 10
192.50000108
 20
35.00000112
 30
0.0
 40
0.1499997
  0
CIRCLE
  5
162
330
1F
100
AcDbEntity
  8
Via Holes
100
AcDbCircle
 10
187.50000092
 20
35.00000112
 30
0.0
 40
0.1499997
  0
CIRCLE
  5
163
330
1F
100
AcDbEntity
  8
Via Holes
100
AcDbCircle
 10
182.50000076
 20
35.00000112
 30
0.0
 40
0.1499997
  0
CIRCLE
  5
164
330
1F
100
AcDbEntity
  8
Via Holes
100
AcDbCircle
 10
192.50000108
 20
39.99999874
 30
0.0
 40
0.1499997
  0
CIRCLE
  5
165
330
1F
100
AcDbEntity
  8
Via Holes
100
AcDbCircle
 10
187.50000092
 20
39.99999874
 30
0.0
 40
0.1499997
  0
CIRCLE
  5
166
330
1F
100
AcDbEntity
  8
Via Holes
100
AcDbCircle
 10
182.50000076
 20
39.99999874
 30
0.0
 40
0.1499997
  0
CIRCLE
  5
167
330
1F
100
AcDbEntity
  8
Via Holes
100
AcDbCircle
 10
192.50000108
 20
44.99999889999999
 30
0.0
 40
0.1499997
  0
CIRCLE
  5
168
330
1F
100
AcDbEntity
  8
Via Holes
100
AcDbCircle
 10
187.50000092
 20
44.99999889999999
 30
0.0
 40
0.1499997
  0
CIRCLE
  5
169
330
1F
100
AcDbEntity
  8
Via Holes
100
AcDbCircle
 10
182.50000076
 20
44.99999889999999
 30
0.0
 40
0.1499997
  0
CIRCLE
  5
16A
330
1F
100
AcDbEntity
  8
Via Holes
100
AcDbCircle
 10
192.50000108
 20
49.99999905999999
 30
0.0
 40
0.1499997
  0
CIRCLE
  5
16B
330
1F
100
AcDbEntity
  8
Via Holes
100
AcDbCircle
 10
187.50000092
 20
49.99999905999999
 30
0.0
 40
0.1499997
  0
CIRCLE
  5
16C
330
1F
100
AcDbEntity
  8
Via Holes
100
AcDbCircle
 10
182.50000076
 20
49.99999905999999
 30
0.0
 40
0.1499997
  0
CIRCLE
  5
16D
330
1F
100
AcDbEntity
  8
Via Holes
100
AcDbCircle
 10
192.50000108
 20
54.99999922
 30
0.0
 40
0.1499997
  0
CIRCLE
  5
16E
330
1F
100
AcDbEntity
  8
Via Holes
100
AcDbCircle
 10
187.50000092
 20
54.99999922
 30
0.0
 40
0.1499997
  0
CIRCLE
  5
16F
330
1F
100
AcDbEntity
  8
Via Holes
100
AcDbCircle
 10
182.50000076
 20
54.99999922
 30
0.0
 40
0.1499997
  0
CIRCLE
  5
170
330
1F
100
AcDbEntity
  8
Via Holes
100
AcDbCircle
 10
182.50000076
 20
59.99999938
 30
0.0
 40
0.1499997
  0
CIRCLE
  5
171
330
1F
100
AcDbEntity
  8
Via Holes
100
AcDbCircle
 10
187.50000092
 20
59.99999938
 30
0.0
 40
0.1499997
  0
CIRCLE
  5
172
330
1F
100
AcDbEntity
  8
Via Holes
100
AcDbCircle
 10
192.50000108
 20
59.99999938
 30
0.0
 40
0.1499997
  0
CIRCLE
  5
173
330
1F
100
AcDbEntity
  8
Via Holes
100
AcDbCircle
 10
110.00000098
 20
15.00000048
 30
0.0
 40
0.1499997
  0
CIRCLE
  5
174
330
1F
100
AcDbEntity
  8
Via Holes
100
AcDbCircle
 10
124.99999892
 20
37.5000012
 30
0.0
 40
0.1499997
  0
CIRCLE
  5
175
330
1F
100
AcDbEntity
  8
Via Holes
100
AcDbCircle
 10
119.99999876
 20
42.49999881999999
 30
0.0
 40
0.1499997
  0
CIRCLE
  5
176
330
1F
100
AcDbEntity
  8
Via Holes
100
AcDbCircle
 10
124.99999892
 20
42.49999881999999
 30
0.0
 40
0.1499997
  0
CIRCLE
  5
177
330
1F
100
AcDbEntity
  8
Via Holes
100
AcDbCircle
 10
129.99999908
 20
37.5000012
 30
0.0
 40
0.1499997
  0
CIRCLE
  5
178
330
1F
100
AcDbEntity
  8
Via Holes
100
AcDbCircle
 10
134.99999924
 20
32.50000104
 30
0.0
 40
0.1499997
  0
CIRCLE
  5
179
330
1F
100
AcDbEntity
  8
Via Holes
100
AcDbCircle
 10
139.9999994
 20
27.50000088
 30
0.0
 40
0.1499997
  0
CIRCLE
  5
17A
330
1F
100
AcDbEntity
  8
Via Holes
100
AcDbCircle
 10
144.99999956
 20
22.50000072
 30
0.0
 40
0.1499997
  0
CIRCLE
  5
17B
330
1F
100
AcDbEntity
  8
Via Holes
100
AcDbCircle
 10
124.99999892
 20
17.50000056
 30
0.0
 40
0.1499997
  0
CIRCLE
  5
17C
330
1F
100
AcDbEntity
  8
Via Holes
100
AcDbCircle
 10
117.50000122
 20
20.00000064
 30
0.0
 40
0.1499997
  0
CIRCLE
  5
17D
330
1F
100
AcDbEntity
  8
Via Holes
100
AcDbCircle
 10
112.50000106
 20
20.00000064
 30
0.0
 40
0.1499997
  0
CIRCLE
  5
17E
330
1F
100
AcDbEntity
  8
Via Holes
100
AcDbCircle
 10
112.50000106
 20
25.0000008
 30
0.0
 40
0.1499997
  0
CIRCLE
  5
17F
330
1F
100
AcDbEntity
  8
Via Holes
100
AcDbCircle
 10
107.5000009
 20
25.0000008
 30
0.0
 40
0.1499997
  0
CIRCLE
  5
180
330
1F
100
AcDbEntity
  8
Via Holes
100
AcDbCircle
 10
107.5000009
 20
30.00000096
 30
0.0
 40
0.1499997
  0
CIRCLE
  5
181
330
1F
100
AcDbEntity
  8
Via Holes
100
AcDbCircle
 10
107.5000009
 20
20.00000064
 30
0.0
 40
0.1499997
  0
CIRCLE
  5
182
330
1F
100
AcDbEntity
  8
Via Holes
100
AcDbCircle
 10
44.99999889999999
 20
59.99999938
 30
0.0
 40
0.1499997
  0
CIRCLE
  5
183
330
1F
100
AcDbEntity
  8
Via Holes
100
AcDbCircle
 10
44.99999889999999
 20
69.99999969999999
 30
0.0
 40
0.1499997
  0
CIRCLE
  5
184
330
1F
100
AcDbEntity
  8
Via Holes
100
AcDbCircle
 10
42.49999881999999
 20
72.49999978
 30
0.0
 40
0.1499997
  0
CIRCLE
  5
185
330
1F
100
AcDbEntity
  8
Via Holes
100
AcDbCircle
 10
42.49999881999999
 20
64.99999954
 30
0.0
 40
0.1499997
  0
CIRCLE
  5
186
330
1F
100
AcDbEntity
  8
Via Holes
100
AcDbCircle
 10
47.49999898
 20
64.99999954
 30
0.0
 40
0.1499997
  0
CIRCLE
  5
187
330
1F
100
AcDbEntity
  8
Via Holes
100
AcDbCircle
 10
52.49999913999999
 20
64.99999954
 30
0.0
 40
0.1499997
  0
CIRCLE
  5
188
330
1F
100
AcDbEntity
  8
Via Holes
100
AcDbCircle
 10
57.4999993
 20
64.99999954
 30
0.0
 40
0.1499997
  0
CIRCLE
  5
189
330
1F
100
AcDbEntity
  8
Via Holes
100
AcDbCircle
 10
54.99999922
 20
67.49999962
 30
0.0
 40
0.1499997
  0
CIRCLE
  5
18A
330
1F
100
AcDbEntity
  8
Via Holes
100
AcDbCircle
 10
54.99999922
 20
59.99999938
 30
0.0
 40
0.1499997
  0
CIRCLE
  5
18B
330
1F
100
AcDbEntity
  8
Via Holes
100
AcDbCircle
 10
67.49999962
 20
64.99999954
 30
0.0
 40
0.1499997
  0
CIRCLE
  5
18C
330
1F
100
AcDbEntity
  8
Via Holes
100
AcDbCircle
 10
72.49999978
 20
57.4999993
 30
0.0
 40
0.1499997
  0
CIRCLE
  5
18D
330
1F
100
AcDbEntity
  8
Via Holes
100
AcDbCircle
 10
64.99999954
 20
57.4999993
 30
0.0
 40
0.1499997
  0
CIRCLE
  5
18E
330
1F
100
AcDbEntity
  8
Via Holes
100
AcDbCircle
 10
88.48977984
 20
56.42829709999999
 30
0.0
 40
0.1499997
  0
CIRCLE
  5
18F
330
1F
100
AcDbEntity
  8
Via Holes
100
AcDbCircle
 10
92.50000041999999
 20
39.99999874
 30
0.0
 40
0.1499997
  0
CIRCLE
  5
190
330
1F
100
AcDbEntity
  8
Via Holes
100
AcDbCircle
 10
90.00000033999999
 20
42.49999881999999
 30
0.0
 40
0.1499997
  0
CIRCLE
  5
191
330
1F
100
AcDbEntity
  8
Via Holes
100
AcDbCircle
 10
90.00000033999999
 20
35.00000112
 30
0.0
 40
0.1499997
  0
CIRCLE
  5
192
330
1F
100
AcDbEntity
  8
Via Holes
100
AcDbCircle
 10
92.50000041999999
 20
27.50000088
 30
0.0
 40
0.1499997
  0
CIRCLE
  5
193
330
1F
100
AcDbEntity
  8
Via Holes
100
AcDbCircle
 10
92.50000041999999
 20
22.50000072
 30
0.0
 40
0.1499997
  0
CIRCLE
  5
194
330
1F
100
AcDbEntity
  8
Via Holes
100
AcDbCircle
 10
92.50000041999999
 20
17.50000056
 30
0.0
 40
0.1499997
  0
CIRCLE
  5
195
330
1F
100
AcDbEntity
  8
Via Holes
100
AcDbCircle
 10
92.50000041999999
 20
12.5000004
 30
0.0
 40
0.1499997
  0
CIRCLE
  5
196
330
1F
100
AcDbEntity
  8
Via Holes
100
AcDbCircle
 10
92.50000041999999
 20
7.50000024
 30
0.0
 40
0.1499997
  0
CIRCLE
  5
197
330
1F
100
AcDbEntity
  8
Via Holes
100
AcDbCircle
 10
87.50000026
 20
7.50000024
 30
0.0
 40
0.1499997
  0
CIRCLE
  5
198
330
1F
100
AcDbEntity
  8
Via Holes
100
AcDbCircle
 10
82.5000001
 20
12.5000004
 30
0.0
 40
0.1499997
  0
CIRCLE
  5
199
330
1F
100
AcDbEntity
  8
Via Holes
100
AcDbCircle
 10
82.5000001
 20
17.50000056
 30
0.0
 40
0.1499997
  0
CIRCLE
  5
19A
330
1F
100
AcDbEntity
  8
Via Holes
100
AcDbCircle
 10
82.5000001
 20
22.50000072
 30
0.0
 40
0.1499997
  0
CIRCLE
  5
19B
330
1F
100
AcDbEntity
  8
Via Holes
100
AcDbCircle
 10
82.5000001
 20
27.50000088
 30
0.0
 40
0.1499997
  0
CIRCLE
  5
19C
330
1F
100
AcDbEntity
  8
Via Holes
100
AcDbCircle
 10
77.49999994
 20
27.50000088
 30
0.0
 40
0.1499997
  0
CIRCLE
  5
19D
330
1F
100
AcDbEntity
  8
Via Holes
100
AcDbCircle
 10
77.49999994
 20
22.50000072
 30
0.0
 40
0.1499997
  0
CIRCLE
  5
19E
330
1F
100
AcDbEntity
  8
Via Holes
100
AcDbCircle
 10
77.49999994
 20
17.50000056
 30
0.0
 40
0.1499997
  0
CIRCLE
  5
19F
330
1F
100
AcDbEntity
  8
Via Holes
100
AcDbCircle
 10
77.49999994
 20
12.5000004
 30
0.0
 40
0.1499997
  0
CIRCLE
  5
1A0
330
1F
100
AcDbEntity
  8
Via Holes
100
AcDbCircle
 10
77.49999994
 20
7.50000024
 30
0.0
 40
0.1499997
  0
CIRCLE
  5
1A1
330
1F
100
AcDbEntity
  8
Via Holes
100
AcDbCircle
 10
72.49999978
 20
27.50000088
 30
0.0
 40
0.1499997
  0
CIRCLE
  5
1A2
330
1F
100
AcDbEntity
  8
Via Holes
100
AcDbCircle
 10
72.49999978
 20
22.50000072
 30
0.0
 40
0.1499997
  0
CIRCLE
  5
1A3
330
1F
100
AcDbEntity
  8
Via Holes
100
AcDbCircle
 10
67.49999962
 20
22.50000072
 30
0.0
 40
0.1499997
  0
CIRCLE
  5
1A4
330
1F
100
AcDbEntity
  8
Via Holes
100
AcDbCircle
 10
62.49999945999999
 20
22.50000072
 30
0.0
 40
0.1499997
  0
CIRCLE
  5
1A5
330
1F
100
AcDbEntity
  8
Via Holes
100
AcDbCircle
 10
57.4999993
 20
22.50000072
 30
0.0
 40
0.1499997
  0
CIRCLE
  5
1A6
330
1F
100
AcDbEntity
  8
Via Holes
100
AcDbCircle
 10
72.49999978
 20
17.50000056
 30
0.0
 40
0.1499997
  0
CIRCLE
  5
1A7
330
1F
100
AcDbEntity
  8
Via Holes
100
AcDbCircle
 10
72.49999978
 20
12.5000004
 30
0.0
 40
0.1499997
  0
CIRCLE
  5
1A8
330
1F
100
AcDbEntity
  8
Via Holes
100
AcDbCircle
 10
72.49999978
 20
7.50000024
 30
0.0
 40
0.1499997
  0
CIRCLE
  5
1A9
330
1F
100
AcDbEntity
  8
Via Holes
100
AcDbCircle
 10
67.49999962
 20
7.50000024
 30
0.0
 40
0.1499997
  0
CIRCLE
  5
1AA
330
1F
100
AcDbEntity
  8
Via Holes
100
AcDbCircle
 10
67.49999962
 20
12.5000004
 30
0.0
 40
0.1499997
  0
CIRCLE
  5
1AB
330
1F
100
AcDbEntity
  8
Via Holes
100
AcDbCircle
 10
67.49999962
 20
17.50000056
 30
0.0
 40
0.1499997
  0
CIRCLE
  5
1AC
330
1F
100
AcDbEntity
  8
Via Holes
100
AcDbCircle
 10
62.49999945999999
 20
17.50000056
 30
0.0
 40
0.1499997
  0
CIRCLE
  5
1AD
330
1F
100
AcDbEntity
  8
Via Holes
100
AcDbCircle
 10
57.4999993
 20
17.50000056
 30
0.0
 40
0.1499997
  0
CIRCLE
  5
1AE
330
1F
100
AcDbEntity
  8
Via Holes
100
AcDbCircle
 10
62.49999945999999
 20
12.5000004
 30
0.0
 40
0.1499997
  0
CIRCLE
  5
1AF
330
1F
100
AcDbEntity
  8
Via Holes
100
AcDbCircle
 10
62.49999945999999
 20
7.50000024
 30
0.0
 40
0.1499997
  0
CIRCLE
  5
1B0
330
1F
100
AcDbEntity
  8
Via Holes
100
AcDbCircle
 10
57.4999993
 20
7.50000024
 30
0.0
 40
0.1499997
  0
CIRCLE
  5
1B1
330
1F
100
AcDbEntity
  8
Via Holes
100
AcDbCircle
 10
52.49999913999999
 20
7.50000024
 30
0.0
 40
0.1499997
  0
CIRCLE
  5
1B2
330
1F
100
AcDbEntity
  8
Via Holes
100
AcDbCircle
 10
52.49999913999999
 20
12.5000004
 30
0.0
 40
0.1499997
  0
CIRCLE
  5
1B3
330
1F
100
AcDbEntity
  8
Via Holes
100
AcDbCircle
 10
52.49999913999999
 20
17.50000056
 30
0.0
 40
0.1499997
  0
CIRCLE
  5
1B4
330
1F
100
AcDbEntity
  8
Via Holes
100
AcDbCircle
 10
52.49999913999999
 20
22.50000072
 30
0.0
 40
0.1499997
  0
CIRCLE
  5
1B5
330
1F
100
AcDbEntity
  8
Via Holes
100
AcDbCircle
 10
42.49999881999999
 20
17.50000056
 30
0.0
 40
0.1499997
  0
CIRCLE
  5
1B6
330
1F
100
AcDbEntity
  8
Via Holes
100
AcDbCircle
 10
37.5000012
 20
12.5000004
 30
0.0
 40
0.1499997
  0
CIRCLE
  5
1B7
330
1F
100
AcDbEntity
  8
Via Holes
100
AcDbCircle
 10
42.49999881999999
 20
12.5000004
 30
0.0
 40
0.1499997
  0
CIRCLE
  5
1B8
330
1F
100
AcDbEntity
  8
Via Holes
100
AcDbCircle
 10
42.49999881999999
 20
7.50000024
 30
0.0
 40
0.1499997
  0
CIRCLE
  5
1B9
330
1F
100
AcDbEntity
  8
Via Holes
100
AcDbCircle
 10
37.5000012
 20
7.50000024
 30
0.0
 40
0.1499997
  0
CIRCLE
  5
1BA
330
1F
100
AcDbEntity
  8
Via Holes
100
AcDbCircle
 10
25.0000008
 20
18.5000011
 30
0.0
 40
0.1499997
  0
CIRCLE
  5
1BB
330
1F
100
AcDbEntity
  8
Via Holes
100
AcDbCircle
 10
35.00000112
 20
20.00000064
 30
0.0
 40
0.1499997
  0
CIRCLE
  5
1BC
330
1F
100
AcDbEntity
  8
Via Holes
100
AcDbCircle
 10
32.50000104
 20
30.00000096
 30
0.0
 40
0.1499997
  0
CIRCLE
  5
1BD
330
1F
100
AcDbEntity
  8
Via Holes
100
AcDbCircle
 10
35.00000112
 20
32.50000104
 30
0.0
 40
0.1499997
  0
CIRCLE
  5
1BE
330
1F
100
AcDbEntity
  8
Via Holes
100
AcDbCircle
 10
30.00000096
 20
32.50000104
 30
0.0
 40
0.1499997
  0
CIRCLE
  5
1BF
330
1F
100
AcDbEntity
  8
Via Holes
100
AcDbCircle
 10
25.0000008
 20
32.50000104
 30
0.0
 40
0.1499997
  0
CIRCLE
  5
1C0
330
1F
100
AcDbEntity
  8
Via Holes
100
AcDbCircle
 10
37.5000012
 20
35.00000112
 30
0.0
 40
0.1499997
  0
CIRCLE
  5
1C1
330
1F
100
AcDbEntity
  8
Via Holes
100
AcDbCircle
 10
42.49999881999999
 20
35.00000112
 30
0.0
 40
0.1499997
  0
CIRCLE
  5
1C2
330
1F
100
AcDbEntity
  8
Via Holes
100
AcDbCircle
 10
47.49999898
 20
35.00000112
 30
0.0
 40
0.1499997
  0
CIRCLE
  5
1C3
330
1F
100
AcDbEntity
  8
Via Holes
100
AcDbCircle
 10
57.4999993
 20
35.00000112
 30
0.0
 40
0.1499997
  0
CIRCLE
  5
1C4
330
1F
100
AcDbEntity
  8
Via Holes
100
AcDbCircle
 10
72.49999978
 20
35.00000112
 30
0.0
 40
0.1499997
  0
CIRCLE
  5
1C5
330
1F
100
AcDbEntity
  8
Via Holes
100
AcDbCircle
 10
77.49999994
 20
35.00000112
 30
0.0
 40
0.1499997
  0
CIRCLE
  5
1C6
330
1F
100
AcDbEntity
  8
Via Holes
100
AcDbCircle
 10
77.49999994
 20
39.99999874
 30
0.0
 40
0.1499997
  0
CIRCLE
  5
1C7
330
1F
100
AcDbEntity
  8
Via Holes
100
AcDbCircle
 10
72.49999978
 20
39.99999874
 30
0.0
 40
0.1499997
  0
CIRCLE
  5
1C8
330
1F
100
AcDbEntity
  8
Via Holes
100
AcDbCircle
 10
67.49999962
 20
39.99999874
 30
0.0
 40
0.1499997
  0
CIRCLE
  5
1C9
330
1F
100
AcDbEntity
  8
Via Holes
100
AcDbCircle
 10
59.99999938
 20
44.99999889999999
 30
0.0
 40
0.1499997
  0
CIRCLE
  5
1CA
330
1F
100
AcDbEntity
  8
Via Holes
100
AcDbCircle
 10
54.99999922
 20
44.99999889999999
 30
0.0
 40
0.1499997
  0
CIRCLE
  5
1CB
330
1F
100
AcDbEntity
  8
Via Holes
100
AcDbCircle
 10
57.4999993
 20
47.49999898
 30
0.0
 40
0.1499997
  0
CIRCLE
  5
1CC
330
1F
100
AcDbEntity
  8
Via Holes
100
AcDbCircle
 10
62.49999945999999
 20
39.99999874
 30
0.0
 40
0.1499997
  0
CIRCLE
  5
1CD
330
1F
100
AcDbEntity
  8
Via Holes
100
AcDbCircle
 10
57.4999993
 20
39.99999874
 30
0.0
 40
0.1499997
  0
CIRCLE
  5
1CE
330
1F
100
AcDbEntity
  8
Via Holes
100
AcDbCircle
 10
52.49999913999999
 20
39.99999874
 30
0.0
 40
0.1499997
  0
CIRCLE
  5
1CF
330
1F
100
AcDbEntity
  8
Via Holes
100
AcDbCircle
 10
47.49999898
 20
39.99999874
 30
0.0
 40
0.1499997
  0
CIRCLE
  5
1D0
330
1F
100
AcDbEntity
  8
Via Holes
100
AcDbCircle
 10
42.49999881999999
 20
39.99999874
 30
0.0
 40
0.1499997
  0
CIRCLE
  5
1D1
330
1F
100
AcDbEntity
  8
Via Holes
100
AcDbCircle
 10
37.5000012
 20
39.99999874
 30
0.0
 40
0.1499997
  0
CIRCLE
  5
1D2
330
1F
100
AcDbEntity
  8
Via Holes
100
AcDbCircle
 10
49.99999905999999
 20
54.99999922
 30
0.0
 40
0.1499997
  0
CIRCLE
  5
1D3
330
1F
100
AcDbEntity
  8
Via Holes
100
AcDbCircle
 10
44.99999889999999
 20
54.99999922
 30
0.0
 40
0.1499997
  0
CIRCLE
  5
1D4
330
1F
100
AcDbEntity
  8
Via Holes
100
AcDbCircle
 10
39.99999874
 20
54.99999922
 30
0.0
 40
0.1499997
  0
CIRCLE
  5
1D5
330
1F
100
AcDbEntity
  8
Via Holes
100
AcDbCircle
 10
35.00000112
 20
54.99999922
 30
0.0
 40
0.1499997
  0
CIRCLE
  5
1D6
330
1F
100
AcDbEntity
  8
Via Holes
100
AcDbCircle
 10
38.72716663999999
 20
62.27062221999999
 30
0.0
 40
0.1499997
  0
CIRCLE
  5
1D7
330
1F
100
AcDbEntity
  8
Via Holes
100
AcDbCircle
 10
35.00000112
 20
59.99999938
 30
0.0
 40
0.1499997
  0
CIRCLE
  5
1D8
330
1F
100
AcDbEntity
  8
Via Holes
100
AcDbCircle
 10
35.00000112
 20
64.99999954
 30
0.0
 40
0.1499997
  0
CIRCLE
  5
1D9
330
1F
100
AcDbEntity
  8
Via Holes
100
AcDbCircle
 10
37.5000012
 20
69.99999969999999
 30
0.0
 40
0.1499997
  0
CIRCLE
  5
1DA
330
1F
100
AcDbEntity
  8
Via Holes
100
AcDbCircle
 10
35.00000112
 20
72.49999978
 30
0.0
 40
0.1499997
  0
CIRCLE
  5
1DB
330
1F
100
AcDbEntity
  8
Via Holes
100
AcDbCircle
 10
35.00000112
 20
82.5000001
 30
0.0
 40
0.1499997
  0
CIRCLE
  5
1DC
330
1F
100
AcDbEntity
  8
Via Holes
100
AcDbCircle
 10
35.00000112
 20
77.49999994
 30
0.0
 40
0.1499997
  0
CIRCLE
  5
1DD
330
1F
100
AcDbEntity
  8
Via Holes
100
AcDbCircle
 10
37.5000012
 20
82.5000001
 30
0.0
 40
0.1499997
  0
CIRCLE
  5
1DE
330
1F
100
AcDbEntity
  8
Via Holes
100
AcDbCircle
 10
39.99999874
 20
77.49999994
 30
0.0
 40
0.1499997
  0
CIRCLE
  5
1DF
330
1F
100
AcDbEntity
  8
Via Holes
100
AcDbCircle
 10
39.99999874
 20
80.00000001999999
 30
0.0
 40
0.1499997
  0
CIRCLE
  5
1E0
330
1F
100
AcDbEntity
  8
Via Holes
100
AcDbCircle
 10
52.49999913999999
 20
77.49999994
 30
0.0
 40
0.1499997
  0
CIRCLE
  5
1E1
330
1F
100
AcDbEntity
  8
Via Holes
100
AcDbCircle
 10
57.4999993
 20
77.49999994
 30
0.0
 40
0.1499997
  0
CIRCLE
  5
1E2
330
1F
100
AcDbEntity
  8
Via Holes
100
AcDbCircle
 10
64.99999954
 20
80.00000001999999
 30
0.0
 40
0.1499997
  0
CIRCLE
  5
1E3
330
1F
100
AcDbEntity
  8
Via Holes
100
AcDbCircle
 10
59.99999938
 20
80.00000001999999
 30
0.0
 40
0.1499997
  0
CIRCLE
  5
1E4
330
1F
100
AcDbEntity
  8
Via Holes
100
AcDbCircle
 10
54.99999922
 20
80.00000001999999
 30
0.0
 40
0.1499997
  0
CIRCLE
  5
1E5
330
1F
100
AcDbEntity
  8
Via Holes
100
AcDbCircle
 10
67.49999962
 20
87.50000026
 30
0.0
 40
0.1499997
  0
CIRCLE
  5
1E6
330
1F
100
AcDbEntity
  8
Via Holes
100
AcDbCircle
 10
71.40896056
 20
100.2958243
 30
0.0
 40
0.1499997
  0
CIRCLE
  5
1E7
330
1F
100
AcDbEntity
  8
Via Holes
100
AcDbCircle
 10
69.42071967999999
 20
97.02351182
 30
0.0
 40
0.1499997
  0
CIRCLE
  5
1E8
330
1F
100
AcDbEntity
  8
Via Holes
100
AcDbCircle
 10
64.99999954
 20
92.50000041999999
 30
0.0
 40
0.1499997
  0
CIRCLE
  5
1E9
330
1F
100
AcDbEntity
  8
Via Holes
100
AcDbCircle
 10
62.49999945999999
 20
87.50000026
 30
0.0
 40
0.1499997
  0
CIRCLE
  5
1EA
330
1F
100
AcDbEntity
  8
Via Holes
100
AcDbCircle
 10
57.4999993
 20
87.50000026
 30
0.0
 40
0.1499997
  0
CIRCLE
  5
1EB
330
1F
100
AcDbEntity
  8
Via Holes
100
AcDbCircle
 10
52.49999913999999
 20
87.50000026
 30
0.0
 40
0.1499997
  0
CIRCLE
  5
1EC
330
1F
100
AcDbEntity
  8
Via Holes
100
AcDbCircle
 10
47.49999898
 20
87.50000026
 30
0.0
 40
0.1499997
  0
CIRCLE
  5
1ED
330
1F
100
AcDbEntity
  8
Via Holes
100
AcDbCircle
 10
42.49999881999999
 20
87.50000026
 30
0.0
 40
0.1499997
  0
CIRCLE
  5
1EE
330
1F
100
AcDbEntity
  8
Via Holes
100
AcDbCircle
 10
59.99999938
 20
92.50000041999999
 30
0.0
 40
0.1499997
  0
CIRCLE
  5
1EF
330
1F
100
AcDbEntity
  8
Via Holes
100
AcDbCircle
 10
54.99999922
 20
92.50000041999999
 30
0.0
 40
0.1499997
  0
CIRCLE
  5
1F0
330
1F
100
AcDbEntity
  8
Via Holes
100
AcDbCircle
 10
49.99999905999999
 20
92.50000041999999
 30
0.0
 40
0.1499997
  0
CIRCLE
  5
1F1
330
1F
100
AcDbEntity
  8
Via Holes
100
AcDbCircle
 10
44.99999889999999
 20
92.50000041999999
 30
0.0
 40
0.1499997
  0
CIRCLE
  5
1F2
330
1F
100
AcDbEntity
  8
Via Holes
100
AcDbCircle
 10
39.99999874
 20
92.50000041999999
 30
0.0
 40
0.1499997
  0
CIRCLE
  5
1F3
330
1F
100
AcDbEntity
  8
Via Holes
100
AcDbCircle
 10
59.99999938
 20
100.00000066
 30
0.0
 40
0.1499997
  0
CIRCLE
  5
1F4
330
1F
100
AcDbEntity
  8
Via Holes
100
AcDbCircle
 10
62.49999945999999
 20
97.50000057999999
 30
0.0
 40
0.1499997
  0
CIRCLE
  5
1F5
330
1F
100
AcDbEntity
  8
Via Holes
100
AcDbCircle
 10
57.4999993
 20
97.50000057999999
 30
0.0
 40
0.1499997
  0
CIRCLE
  5
1F6
330
1F
100
AcDbEntity
  8
Via Holes
100
AcDbCircle
 10
52.49999913999999
 20
97.50000057999999
 30
0.0
 40
0.1499997
  0
CIRCLE
  5
1F7
330
1F
100
AcDbEntity
  8
Via Holes
100
AcDbCircle
 10
47.49999898
 20
97.50000057999999
 30
0.0
 40
0.1499997
  0
CIRCLE
  5
1F8
330
1F
100
AcDbEntity
  8
Via Holes
100
AcDbCircle
 10
42.49999881999999
 20
97.50000057999999
 30
0.0
 40
0.1499997
  0
CIRCLE
  5
1F9
330
1F
100
AcDbEntity
  8
Via Holes
100
AcDbCircle
 10
37.5000012
 20
97.50000057999999
 30
0.0
 40
0.1499997
  0
CIRCLE
  5
1FA
330
1F
100
AcDbEntity
  8
Via Holes
100
AcDbCircle
 10
49.99999905999999
 20
102.50000074
 30
0.0
 40
0.1499997
  0
CIRCLE
  5
1FB
330
1F
100
AcDbEntity
  8
Via Holes
100
AcDbCircle
 10
44.99999889999999
 20
102.50000074
 30
0.0
 40
0.1499997
  0
CIRCLE
  5
1FC
330
1F
100
AcDbEntity
  8
Via Holes
100
AcDbCircle
 10
39.99999874
 20
102.50000074
 30
0.0
 40
0.1499997
  0
CIRCLE
  5
1FD
330
1F
100
AcDbEntity
  8
Via Holes
100
AcDbCircle
 10
35.00000112
 20
102.50000074
 30
0.0
 40
0.1499997
  0
CIRCLE
  5
1FE
330
1F
100
AcDbEntity
  8
Via Holes
100
AcDbCircle
 10
25.0000008
 20
102.50000074
 30
0.0
 40
0.1499997
  0
CIRCLE
  5
1FF
330
1F
100
AcDbEntity
  8
Via Holes
100
AcDbCircle
 10
20.00000064
 20
102.50000074
 30
0.0
 40
0.1499997
  0
CIRCLE
  5
200
330
1F
100
AcDbEntity
  8
Via Holes
100
AcDbCircle
 10
15.00000048
 20
102.50000074
 30
0.0
 40
0.1499997
  0
CIRCLE
  5
201
330
1F
100
AcDbEntity
  8
Via Holes
100
AcDbCircle
 10
20.00000064
 20
92.50000041999999
 30
0.0
 40
0.1499997
  0
CIRCLE
  5
202
330
1F
100
AcDbEntity
  8
Via Holes
100
AcDbCircle
 10
17.50000056
 20
87.50000026
 30
0.0
 40
0.1499997
  0
CIRCLE
  5
203
330
1F
100
AcDbEntity
  8
Via Holes
100
AcDbCircle
 10
22.50000072
 20
87.50000026
 30
0.0
 40
0.1499997
  0
CIRCLE
  5
204
330
1F
100
AcDbEntity
  8
Via Holes
100
AcDbCircle
 10
22.50000072
 20
97.50000057999999
 30
0.0
 40
0.1499997
  0
CIRCLE
  5
205
330
1F
100
AcDbEntity
  8
Via Holes
100
AcDbCircle
 10
12.5000004
 20
97.50000057999999
 30
0.0
 40
0.1499997
  0
CIRCLE
  5
206
330
1F
100
AcDbEntity
  8
Via Holes
100
AcDbCircle
 10
17.50000056
 20
97.50000057999999
 30
0.0
 40
0.1499997
  0
CIRCLE
  5
207
330
1F
100
AcDbEntity
  8
Via Holes
100
AcDbCircle
 10
10.00000032
 20
74.99999986
 30
0.0
 40
0.1499997
  0
CIRCLE
  5
208
330
1F
100
AcDbEntity
  8
Via Holes
100
AcDbCircle
 10
7.50000024
 20
69.99999969999999
 30
0.0
 40
0.1499997
  0
CIRCLE
  5
209
330
1F
100
AcDbEntity
  8
Via Holes
100
AcDbCircle
 10
12.5000004
 20
62.49999945999999
 30
0.0
 40
0.1499997
  0
CIRCLE
  5
20A
330
1F
100
AcDbEntity
  8
Via Holes
100
AcDbCircle
 10
20.00000064
 20
62.49999945999999
 30
0.0
 40
0.1499997
  0
CIRCLE
  5
20B
330
1F
100
AcDbEntity
  8
Via Holes
100
AcDbCircle
 10
25.0000008
 20
57.4999993
 30
0.0
 40
0.1499997
  0
CIRCLE
  5
20C
330
1F
100
AcDbEntity
  8
Via Holes
100
AcDbCircle
 10
25.0000008
 20
52.49999913999999
 30
0.0
 40
0.1499997
  0
CIRCLE
  5
20D
330
1F
100
AcDbEntity
  8
Via Holes
100
AcDbCircle
 10
22.50000072
 20
42.49999881999999
 30
0.0
 40
0.1499997
  0
CIRCLE
  5
20E
330
1F
100
AcDbEntity
  8
Via Holes
100
AcDbCircle
 10
20.00000064
 20
47.49999898
 30
0.0
 40
0.1499997
  0
CIRCLE
  5
20F
330
1F
100
AcDbEntity
  8
Via Holes
100
AcDbCircle
 10
16.50000002
 20
52.00000014
 30
0.0
 40
0.1499997
  0
CIRCLE
  5
210
330
1F
100
AcDbEntity
  8
Via Holes
100
AcDbCircle
 10
2.50000008
 20
37.5000012
 30
0.0
 40
0.1499997
  0
CIRCLE
  5
211
330
1F
100
AcDbEntity
  8
Via Holes
100
AcDbCircle
 10
2.50000008
 20
32.50000104
 30
0.0
 40
0.1499997
  0
CIRCLE
  5
212
330
1F
100
AcDbEntity
  8
Via Holes
100
AcDbCircle
 10
2.50000008
 20
27.50000088
 30
0.0
 40
0.1499997
  0
CIRCLE
  5
213
330
1F
100
AcDbEntity
  8
Via Holes
100
AcDbCircle
 10
2.50000008
 20
22.50000072
 30
0.0
 40
0.1499997
  0
CIRCLE
  5
214
330
1F
100
AcDbEntity
  8
Via Holes
100
AcDbCircle
 10
2.50000008
 20
17.50000056
 30
0.0
 40
0.1499997
  0
CIRCLE
  5
215
330
1F
100
AcDbEntity
  8
Via Holes
100
AcDbCircle
 10
2.50000008
 20
12.5000004
 30
0.0
 40
0.1499997
  0
CIRCLE
  5
216
330
1F
100
AcDbEntity
  8
Via Holes
100
AcDbCircle
 10
12.5000004
 20
2.50000008
 30
0.0
 40
0.1499997
  0
CIRCLE
  5
217
330
1F
100
AcDbEntity
  8
Via Holes
100
AcDbCircle
 10
17.50000056
 20
2.50000008
 30
0.0
 40
0.1499997
  0
CIRCLE
  5
218
330
1F
100
AcDbEntity
  8
Via Holes
100
AcDbCircle
 10
32.50000104
 20
2.50000008
 30
0.0
 40
0.1499997
  0
CIRCLE
  5
219
330
1F
100
AcDbEntity
  8
Via Holes
100
AcDbCircle
 10
37.5000012
 20
2.50000008
 30
0.0
 40
0.1499997
  0
CIRCLE
  5
21A
330
1F
100
AcDbEntity
  8
Via Holes
100
AcDbCircle
 10
42.49999881999999
 20
2.50000008
 30
0.0
 40
0.1499997
  0
CIRCLE
  5
21B
330
1F
100
AcDbEntity
  8
Via Holes
100
AcDbCircle
 10
52.49999913999999
 20
2.50000008
 30
0.0
 40
0.1499997
  0
CIRCLE
  5
21C
330
1F
100
AcDbEntity
  8
Via Holes
100
AcDbCircle
 10
57.4999993
 20
2.50000008
 30
0.0
 40
0.1499997
  0
CIRCLE
  5
21D
330
1F
100
AcDbEntity
  8
Via Holes
100
AcDbCircle
 10
62.49999945999999
 20
2.50000008
 30
0.0
 40
0.1499997
  0
CIRCLE
  5
21E
330
1F
100
AcDbEntity
  8
Via Holes
100
AcDbCircle
 10
67.49999962
 20
2.50000008
 30
0.0
 40
0.1499997
  0
CIRCLE
  5
21F
330
1F
100
AcDbEntity
  8
Via Holes
100
AcDbCircle
 10
72.49999978
 20
2.50000008
 30
0.0
 40
0.1499997
  0
CIRCLE
  5
220
330
1F
100
AcDbEntity
  8
Via Holes
100
AcDbCircle
 10
77.49999994
 20
2.50000008
 30
0.0
 40
0.1499997
  0
CIRCLE
  5
221
330
1F
100
AcDbEntity
  8
Via Holes
100
AcDbCircle
 10
82.5000001
 20
2.50000008
 30
0.0
 40
0.1499997
  0
CIRCLE
  5
222
330
1F
100
AcDbEntity
  8
Via Holes
100
AcDbCircle
 10
87.50000026
 20
2.50000008
 30
0.0
 40
0.1499997
  0
CIRCLE
  5
223
330
1F
100
AcDbEntity
  8
Via Holes
100
AcDbCircle
 10
92.50000041999999
 20
2.50000008
 30
0.0
 40
0.1499997
  0
CIRCLE
  5
224
330
1F
100
AcDbEntity
  8
Via Holes
100
AcDbCircle
 10
97.50000057999999
 20
2.50000008
 30
0.0
 40
0.1499997
  0
CIRCLE
  5
225
330
1F
100
AcDbEntity
  8
Via Holes
100
AcDbCircle
 10
102.50000074
 20
2.50000008
 30
0.0
 40
0.1499997
  0
CIRCLE
  5
226
330
1F
100
AcDbEntity
  8
Via Holes
100
AcDbCircle
 10
117.50000122
 20
2.50000008
 30
0.0
 40
0.1499997
  0
CIRCLE
  5
227
330
1F
100
AcDbEntity
  8
Via Holes
100
AcDbCircle
 10
112.50000106
 20
2.50000008
 30
0.0
 40
0.1499997
  0
CIRCLE
  5
228
330
1F
100
AcDbEntity
  8
Via Holes
100
AcDbCircle
 10
165.0000002
 20
2.50000008
 30
0.0
 40
0.1499997
  0
CIRCLE
  5
229
330
1F
100
AcDbEntity
  8
Via Holes
100
AcDbCircle
 10
170.00000036
 20
2.50000008
 30
0.0
 40
0.1499997
  0
CIRCLE
  5
22A
330
1F
100
AcDbEntity
  8
Via Holes
100
AcDbCircle
 10
175.00000052
 20
2.50000008
 30
0.0
 40
0.1499997
  0
CIRCLE
  5
22B
330
1F
100
AcDbEntity
  8
Via Holes
100
AcDbCircle
 10
180.00000068
 20
2.50000008
 30
0.0
 40
0.1499997
  0
CIRCLE
  5
22C
330
1F
100
AcDbEntity
  8
Via Holes
100
AcDbCircle
 10
185.00000084
 20
2.50000008
 30
0.0
 40
0.1499997
  0
CIRCLE
  5
22D
330
1F
100
AcDbEntity
  8
Via Holes
100
AcDbCircle
 10
190.000001
 20
2.50000008
 30
0.0
 40
0.1499997
  0
CIRCLE
  5
22E
330
1F
100
AcDbEntity
  8
Via Holes
100
AcDbCircle
 10
197.50000124
 20
10.00000032
 30
0.0
 40
0.1499997
  0
CIRCLE
  5
22F
330
1F
100
AcDbEntity
  8
Via Holes
100
AcDbCircle
 10
197.50000124
 20
15.00000048
 30
0.0
 40
0.1499997
  0
CIRCLE
  5
230
330
1F
100
AcDbEntity
  8
Via Holes
100
AcDbCircle
 10
197.50000124
 20
20.00000064
 30
0.0
 40
0.1499997
  0
CIRCLE
  5
231
330
1F
100
AcDbEntity
  8
Via Holes
100
AcDbCircle
 10
197.50000124
 20
25.0000008
 30
0.0
 40
0.1499997
  0
CIRCLE
  5
232
330
1F
100
AcDbEntity
  8
Via Holes
100
AcDbCircle
 10
197.50000124
 20
30.00000096
 30
0.0
 40
0.1499997
  0
CIRCLE
  5
233
330
1F
100
AcDbEntity
  8
Via Holes
100
AcDbCircle
 10
197.50000124
 20
35.00000112
 30
0.0
 40
0.1499997
  0
CIRCLE
  5
234
330
1F
100
AcDbEntity
  8
Via Holes
100
AcDbCircle
 10
197.50000124
 20
39.99999874
 30
0.0
 40
0.1499997
  0
CIRCLE
  5
235
330
1F
100
AcDbEntity
  8
Via Holes
100
AcDbCircle
 10
197.50000124
 20
44.99999889999999
 30
0.0
 40
0.1499997
  0
CIRCLE
  5
236
330
1F
100
AcDbEntity
  8
Via Holes
100
AcDbCircle
 10
197.50000124
 20
49.99999905999999
 30
0.0
 40
0.1499997
  0
CIRCLE
  5
237
330
1F
100
AcDbEntity
  8
Via Holes
100
AcDbCircle
 10
197.50000124
 20
54.99999922
 30
0.0
 40
0.1499997
  0
CIRCLE
  5
238
330
1F
100
AcDbEntity
  8
Via Holes
100
AcDbCircle
 10
197.50000124
 20
59.99999938
 30
0.0
 40
0.1499997
  0
CIRCLE
  5
239
330
1F
100
AcDbEntity
  8
Via Holes
100
AcDbCircle
 10
197.50000124
 20
64.99999954
 30
0.0
 40
0.1499997
  0
CIRCLE
  5
23A
330
1F
100
AcDbEntity
  8
Via Holes
100
AcDbCircle
 10
197.50000124
 20
77.49999994
 30
0.0
 40
0.1499997
  0
CIRCLE
  5
23B
330
1F
100
AcDbEntity
  8
Via Holes
100
AcDbCircle
 10
197.50000124
 20
82.5000001
 30
0.0
 40
0.1499997
  0
CIRCLE
  5
23C
330
1F
100
AcDbEntity
  8
Via Holes
100
AcDbCircle
 10
197.50000124
 20
87.50000026
 30
0.0
 40
0.1499997
  0
CIRCLE
  5
23D
330
1F
100
AcDbEntity
  8
Via Holes
100
AcDbCircle
 10
197.50000124
 20
92.50000041999999
 30
0.0
 40
0.1499997
  0
CIRCLE
  5
23E
330
1F
100
AcDbEntity
  8
Via Holes
100
AcDbCircle
 10
197.50000124
 20
97.50000057999999
 30
0.0
 40
0.1499997
  0
CIRCLE
  5
23F
330
1F
100
AcDbEntity
  8
Via Holes
100
AcDbCircle
 10
187.50000092
 20
107.5000009
 30
0.0
 40
0.1499997
  0
CIRCLE
  5
240
330
1F
100
AcDbEntity
  8
Via Holes
100
AcDbCircle
 10
182.50000076
 20
107.5000009
 30
0.0
 40
0.1499997
  0
CIRCLE
  5
241
330
1F
100
AcDbEntity
  8
Via Holes
100
AcDbCircle
 10
177.5000006
 20
107.5000009
 30
0.0
 40
0.1499997
  0
CIRCLE
  5
242
330
1F
100
AcDbEntity
  8
Via Holes
100
AcDbCircle
 10
172.50000044
 20
107.5000009
 30
0.0
 40
0.1499997
  0
CIRCLE
  5
243
330
1F
100
AcDbEntity
  8
Via Holes
100
AcDbCircle
 10
167.50000028
 20
107.5000009
 30
0.0
 40
0.1499997
  0
CIRCLE
  5
244
330
1F
100
AcDbEntity
  8
Via Holes
100
AcDbCircle
 10
162.50000012
 20
107.5000009
 30
0.0
 40
0.1499997
  0
CIRCLE
  5
245
330
1F
100
AcDbEntity
  8
Via Holes
100
AcDbCircle
 10
157.49999996
 20
107.5000009
 30
0.0
 40
0.1499997
  0
CIRCLE
  5
246
330
1F
100
AcDbEntity
  8
Via Holes
100
AcDbCircle
 10
152.4999998
 20
107.5000009
 30
0.0
 40
0.1499997
  0
CIRCLE
  5
247
330
1F
100
AcDbEntity
  8
Via Holes
100
AcDbCircle
 10
147.49999964
 20
107.5000009
 30
0.0
 40
0.1499997
  0
CIRCLE
  5
248
330
1F
100
AcDbEntity
  8
Via Holes
100
AcDbCircle
 10
142.49999948
 20
107.5000009
 30
0.0
 40
0.1499997
  0
CIRCLE
  5
249
330
1F
100
AcDbEntity
  8
Via Holes
100
AcDbCircle
 10
137.49999932
 20
107.5000009
 30
0.0
 40
0.1499997
  0
CIRCLE
  5
24A
330
1F
100
AcDbEntity
  8
Via Holes
100
AcDbCircle
 10
132.49999916
 20
107.5000009
 30
0.0
 40
0.1499997
  0
CIRCLE
  5
24B
330
1F
100
AcDbEntity
  8
Via Holes
100
AcDbCircle
 10
127.499999
 20
107.5000009
 30
0.0
 40
0.1499997
  0
CIRCLE
  5
24C
330
1F
100
AcDbEntity
  8
Via Holes
100
AcDbCircle
 10
122.49999884
 20
107.5000009
 30
0.0
 40
0.1499997
  0
CIRCLE
  5
24D
330
1F
100
AcDbEntity
  8
Via Holes
100
AcDbCircle
 10
117.50000122
 20
107.5000009
 30
0.0
 40
0.1499997
  0
CIRCLE
  5
24E
330
1F
100
AcDbEntity
  8
Via Holes
100
AcDbCircle
 10
112.50000106
 20
107.5000009
 30
0.0
 40
0.1499997
  0
CIRCLE
  5
24F
330
1F
100
AcDbEntity
  8
Via Holes
100
AcDbCircle
 10
107.5000009
 20
107.5000009
 30
0.0
 40
0.1499997
  0
CIRCLE
  5
250
330
1F
100
AcDbEntity
  8
Via Holes
100
AcDbCircle
 10
92.50000041999999
 20
107.5000009
 30
0.0
 40
0.1499997
  0
CIRCLE
  5
251
330
1F
100
AcDbEntity
  8
Via Holes
100
AcDbCircle
 10
87.50000026
 20
107.5000009
 30
0.0
 40
0.1499997
  0
CIRCLE
  5
252
330
1F
100
AcDbEntity
  8
Via Holes
100
AcDbCircle
 10
82.5000001
 20
107.5000009
 30
0.0
 40
0.1499997
  0
CIRCLE
  5
253
330
1F
100
AcDbEntity
  8
Via Holes
100
AcDbCircle
 10
77.49999994
 20
107.5000009
 30
0.0
 40
0.1499997
  0
CIRCLE
  5
254
330
1F
100
AcDbEntity
  8
Via Holes
100
AcDbCircle
 10
72.49999978
 20
107.5000009
 30
0.0
 40
0.1499997
  0
CIRCLE
  5
255
330
1F
100
AcDbEntity
  8
Via Holes
100
AcDbCircle
 10
67.49999962
 20
107.5000009
 30
0.0
 40
0.1499997
  0
CIRCLE
  5
256
330
1F
100
AcDbEntity
  8
Via Holes
100
AcDbCircle
 10
62.49999945999999
 20
107.5000009
 30
0.0
 40
0.1499997
  0
CIRCLE
  5
257
330
1F
100
AcDbEntity
  8
Via Holes
100
AcDbCircle
 10
57.4999993
 20
107.5000009
 30
0.0
 40
0.1499997
  0
CIRCLE
  5
258
330
1F
100
AcDbEntity
  8
Via Holes
100
AcDbCircle
 10
52.49999913999999
 20
107.5000009
 30
0.0
 40
0.1499997
  0
CIRCLE
  5
259
330
1F
100
AcDbEntity
  8
Via Holes
100
AcDbCircle
 10
47.49999898
 20
107.5000009
 30
0.0
 40
0.1499997
  0
CIRCLE
  5
25A
330
1F
100
AcDbEntity
  8
Via Holes
100
AcDbCircle
 10
42.49999881999999
 20
107.5000009
 30
0.0
 40
0.1499997
  0
CIRCLE
  5
25B
330
1F
100
AcDbEntity
  8
Via Holes
100
AcDbCircle
 10
37.5000012
 20
107.5000009
 30
0.0
 40
0.1499997
  0
CIRCLE
  5
25C
330
1F
100
AcDbEntity
  8
Via Holes
100
AcDbCircle
 10
32.50000104
 20
107.5000009
 30
0.0
 40
0.1499997
  0
CIRCLE
  5
25D
330
1F
100
AcDbEntity
  8
Via Holes
100
AcDbCircle
 10
27.50000088
 20
107.5000009
 30
0.0
 40
0.1499997
  0
CIRCLE
  5
25E
330
1F
100
AcDbEntity
  8
Via Holes
100
AcDbCircle
 10
22.50000072
 20
107.5000009
 30
0.0
 40
0.1499997
  0
CIRCLE
  5
25F
330
1F
100
AcDbEntity
  8
Via Holes
100
AcDbCircle
 10
17.50000056
 20
107.5000009
 30
0.0
 40
0.1499997
  0
CIRCLE
  5
260
330
1F
100
AcDbEntity
  8
Via Holes
100
AcDbCircle
 10
12.5000004
 20
107.5000009
 30
0.0
 40
0.1499997
  0
CIRCLE
  5
261
330
1F
100
AcDbEntity
  8
Via Holes
100
AcDbCircle
 10
2.50000008
 20
97.50000057999999
 30
0.0
 40
0.1499997
  0
CIRCLE
  5
262
330
1F
100
AcDbEntity
  8
Via Holes
100
AcDbCircle
 10
2.50000008
 20
92.50000041999999
 30
0.0
 40
0.1499997
  0
CIRCLE
  5
263
330
1F
100
AcDbEntity
  8
Via Holes
100
AcDbCircle
 10
2.50000008
 20
87.50000026
 30
0.0
 40
0.1499997
  0
CIRCLE
  5
264
330
1F
100
AcDbEntity
  8
Via Holes
100
AcDbCircle
 10
2.50000008
 20
82.5000001
 30
0.0
 40
0.1499997
  0
CIRCLE
  5
265
330
1F
100
AcDbEntity
  8
Via Holes
100
AcDbCircle
 10
2.50000008
 20
77.49999994
 30
0.0
 40
0.1499997
  0
CIRCLE
  5
266
330
1F
100
AcDbEntity
  8
Via Holes
100
AcDbCircle
 10
2.50000008
 20
72.49999978
 30
0.0
 40
0.1499997
  0
CIRCLE
  5
267
330
1F
100
AcDbEntity
  8
Via Holes
100
AcDbCircle
 10
2.50000008
 20
67.49999962
 30
0.0
 40
0.1499997
  0
CIRCLE
  5
268
330
1F
100
AcDbEntity
  8
Via Holes
100
AcDbCircle
 10
2.50000008
 20
62.49999945999999
 30
0.0
 40
0.1499997
  0
CIRCLE
  5
269
330
1F
100
AcDbEntity
  8
Via Holes
100
AcDbCircle
 10
2.50000008
 20
57.4999993
 30
0.0
 40
0.1499997
  0
CIRCLE
  5
26A
330
1F
100
AcDbEntity
  8
Via Holes
100
AcDbCircle
 10
2.50000008
 20
52.49999913999999
 30
0.0
 40
0.1499997
  0
CIRCLE
  5
26B
330
1F
100
AcDbEntity
  8
Via Holes
100
AcDbCircle
 10
2.50000008
 20
44.99999889999999
 30
0.0
 40
0.1499997
  0
CIRCLE
  5
26C
330
1F
100
AcDbEntity
  8
Via Holes
100
AcDbCircle
 10
2.50000008
 20
39.99999874
 30
0.0
 40
0.1499997
  0
CIRCLE
  5
26D
330
1F
100
AcDbEntity
  8
Via Holes
100
AcDbCircle
 10
17.50000056
 20
11.00000086
 30
0.0
 40
0.1499997
  0
CIRCLE
  5
26E
330
1F
100
AcDbEntity
  8
Via Holes
100
AcDbCircle
 10
18.7500006
 20
16.25000052
 30
0.0
 40
0.1499997
  0
CIRCLE
  5
26F
330
1F
100
AcDbEntity
  8
Via Holes
100
AcDbCircle
 10
25.6999994
 20
7.52346222
 30
0.0
 40
0.2499995
  0
CIRCLE
  5
270
330
1F
100
AcDbEntity
  8
Via Holes
100
AcDbCircle
 10
25.2500003
 20
15.24999998
 30
0.0
 40
0.1499997
  0
CIRCLE
  5
271
330
1F
100
AcDbEntity
  8
Via Holes
100
AcDbCircle
 10
27.99999988
 20
19.4999991
 30
0.0
 40
0.2499995
  0
CIRCLE
  5
272
330
1F
100
AcDbEntity
  8
Via Holes
100
AcDbCircle
 10
28.75000092
 20
16.50000002
 30
0.0
 40
0.1499997
  0
CIRCLE
  5
273
330
1F
100
AcDbEntity
  8
Via Holes
100
AcDbCircle
 10
29.49999942
 20
18.2500016
 30
0.0
 40
0.1499997
  0
CIRCLE
  5
274
330
1F
100
AcDbEntity
  8
Via Holes
100
AcDbCircle
 10
30.99999896
 20
20.49999964
 30
0.0
 40
0.2499995
  0
CIRCLE
  5
275
330
1F
100
AcDbEntity
  8
Via Holes
100
AcDbCircle
 10
17.1990004
 20
37.4022747
 30
0.0
 40
0.2499995
  0
CIRCLE
  5
276
330
1F
100
AcDbEntity
  8
Via Holes
100
AcDbCircle
 10
11.00000086
 20
65.50000107999999
 30
0.0
 40
0.2499995
  0
CIRCLE
  5
277
330
1F
100
AcDbEntity
  8
Via Holes
100
AcDbCircle
 10
8.999997239999999
 20
96.30000043999999
 30
0.0
 40
0.2499995
  0
CIRCLE
  5
278
330
1F
100
AcDbEntity
  8
Via Holes
100
AcDbCircle
 10
20.00000064
 20
67.49999962
 30
0.0
 40
0.2499995
  0
CIRCLE
  5
279
330
1F
100
AcDbEntity
  8
Via Holes
100
AcDbCircle
 10
16.50000002
 20
73.50000286
 30
0.0
 40
0.2499995
  0
CIRCLE
  5
27A
330
1F
100
AcDbEntity
  8
Via Holes
100
AcDbCircle
 10
23.50000126
 20
21.00000118
 30
0.0
 40
0.2499995
  0
CIRCLE
  5
27B
330
1F
100
AcDbEntity
  8
Via Holes
100
AcDbCircle
 10
21.00000118
 20
26.50000034
 30
0.0
 40
0.2499995
  0
CIRCLE
  5
27C
330
1F
100
AcDbEntity
  8
Via Holes
100
AcDbCircle
 10
22.99999972
 20
27.99999988
 30
0.0
 40
0.2499995
  0
CIRCLE
  5
27D
330
1F
100
AcDbEntity
  8
Via Holes
100
AcDbCircle
 10
20.99999864
 20
37.49999866
 30
0.0
 40
0.2499995
  0
CIRCLE
  5
27E
330
1F
100
AcDbEntity
  8
Via Holes
100
AcDbCircle
 10
21.50000018
 20
29.49999942
 30
0.0
 40
0.2499995
  0
CIRCLE
  5
27F
330
1F
100
AcDbEntity
  8
Via Holes
100
AcDbCircle
 10
25.0000008
 20
29.49999942
 30
0.0
 40
0.2499995
  0
CIRCLE
  5
280
330
1F
100
AcDbEntity
  8
Via Holes
100
AcDbCircle
 10
27.50000088
 20
29.49999942
 30
0.0
 40
0.2499995
  0
CIRCLE
  5
281
330
1F
100
AcDbEntity
  8
Via Holes
100
AcDbCircle
 10
33.74999854
 20
13.199999
 30
0.0
 40
0.1499997
  0
CIRCLE
  5
282
330
1F
100
AcDbEntity
  8
Via Holes
100
AcDbCircle
 10
30.99999896
 20
27.99999988
 30
0.0
 40
0.2499995
  0
CIRCLE
  5
283
330
1F
100
AcDbEntity
  8
Via Holes
100
AcDbCircle
 10
43.00000035999999
 20
28.49999888
 30
0.0
 40
0.2499995
  0
CIRCLE
  5
284
330
1F
100
AcDbEntity
  8
Via Holes
100
AcDbCircle
 10
45.0499988
 20
30.04999832
 30
0.0
 40
0.2499995
  0
CIRCLE
  5
285
330
1F
100
AcDbEntity
  8
Via Holes
100
AcDbCircle
 10
93.99999996
 20
46.99999998
 30
0.0
 40
0.1499997
  0
CIRCLE
  5
286
330
1F
100
AcDbEntity
  8
Via Holes
100
AcDbCircle
 10
101.0000012
 20
36.99999966
 30
0.0
 40
0.1499997
  0
CIRCLE
  5
287
330
1F
100
AcDbEntity
  8
Via Holes
100
AcDbCircle
 10
116.99999968
 20
14.75000098
 30
0.0
 40
0.2499995
  0
CIRCLE
  5
288
330
1F
100
AcDbEntity
  8
Via Holes
100
AcDbCircle
 10
157.99999642
 20
14.49999894
 30
0.0
 40
0.1499997
  0
CIRCLE
  5
289
330
1F
100
AcDbEntity
  8
Via Holes
100
AcDbCircle
 10
97.50000057999999
 20
37.5000012
 30
0.0
 40
0.1499997
  0
CIRCLE
  5
28A
330
1F
100
AcDbEntity
  8
Via Holes
100
AcDbCircle
 10
101.0000012
 20
46.99999998
 30
0.0
 40
0.1499997
  0
CIRCLE
  5
28B
330
1F
100
AcDbEntity
  8
Via Holes
100
AcDbCircle
 10
102.99999974
 20
46.50000098
 30
0.0
 40
0.2499995
  0
CIRCLE
  5
28C
330
1F
100
AcDbEntity
  8
Via Holes
100
AcDbCircle
 10
93.99999996
 20
88.7500003
 30
0.0
 40
0.2499995
  0
CIRCLE
  5
28D
330
1F
100
AcDbEntity
  8
Via Holes
100
AcDbCircle
 10
93.99999996
 20
85.24999968
 30
0.0
 40
0.2499995
  0
CIRCLE
  5
28E
330
1F
100
AcDbEntity
  8
Via Holes
100
AcDbCircle
 10
103.24999924
 20
54.99999922
 30
0.0
 40
0.2499995
  0
CIRCLE
  5
28F
330
1F
100
AcDbEntity
  8
Via Holes
100
AcDbCircle
 10
115.99999914
 20
78.50000048
 30
0.0
 40
0.2499995
  0
CIRCLE
  5
290
330
1F
100
AcDbEntity
  8
Via Holes
100
AcDbCircle
 10
156.00000042
 20
78.50000048
 30
0.0
 40
0.2499995
  0
CIRCLE
  5
291
330
1F
100
AcDbEntity
  8
Via Holes
100
AcDbCircle
 10
148.99999918
 20
80.00000001999999
 30
0.0
 40
0.2499995
  0
CIRCLE
  5
292
330
1F
100
AcDbEntity
  8
Via Holes
100
AcDbCircle
 10
189.00000046
 20
80.00000001999999
 30
0.0
 40
0.2499995
  0
CIRCLE
  5
293
330
1F
100
AcDbEntity
  8
Via Holes
100
AcDbCircle
 10
56.24999926
 20
101.2500007
 30
0.0
 40
0.2499995
  0
CIRCLE
  5
294
330
1F
100
AcDbEntity
  8
Via Holes
100
AcDbCircle
 10
143.50000002
 20
77.74999944
 30
0.0
 40
0.2499995
  0
CIRCLE
  5
295
330
1F
100
AcDbEntity
  8
Via Holes
100
AcDbCircle
 10
160.49999904
 20
77.99999894
 30
0.0
 40
0.2499995
  0
CIRCLE
  5
296
330
1F
100
AcDbEntity
  8
Via Holes
100
AcDbCircle
 10
158.31500214
 20
80.11000234
 30
0.0
 40
0.2499995
  0
CIRCLE
  5
297
330
1F
100
AcDbEntity
  8
Via Holes
100
AcDbCircle
 10
120.57000016
 20
78.32000083999999
 30
0.0
 40
0.2499995
  0
CIRCLE
  5
298
330
1F
100
AcDbEntity
  8
Via Holes
100
AcDbCircle
 10
118.75000126
 20
80.00000001999999
 30
0.0
 40
0.2499995
  0
CIRCLE
  5
299
330
1F
100
AcDbEntity
  8
Via Holes
100
AcDbCircle
 10
145.5000011
 20
77.74999944
 30
0.0
 40
0.2499995
  0
CIRCLE
  5
29A
330
1F
100
AcDbEntity
  8
Via Holes
100
AcDbCircle
 10
185.37596656
 20
80.11466069999999
 30
0.0
 40
0.2499995
  0
CIRCLE
  5
29B
330
1F
100
AcDbEntity
  8
Via Holes
100
AcDbCircle
 10
183.49999876
 20
77.99999894
 30
0.0
 40
0.2499995
  0
CIRCLE
  5
29C
330
1F
100
AcDbEntity
  8
Via Holes
100
AcDbCircle
 10
10.56693086
 20
94.65820285999999
 30
0.0
 40
0.2499995
  0
CIRCLE
  5
29D
330
1F
100
AcDbEntity
  8
Via Holes
100
AcDbCircle
 10
7.00000124
 20
95.49999949999999
 30
0.0
 40
0.2499995
  0
CIRCLE
  5
29E
330
1F
100
AcDbEntity
  8
Via Holes
100
AcDbCircle
 10
115.50000014
 20
11.74999936
 30
0.0
 40
0.2499995
  0
CIRCLE
  5
29F
330
1F
100
AcDbEntity
  8
Via Holes
100
AcDbCircle
 10
100.49999966
 20
79.9600001
 30
0.0
 40
0.1499997
  0
CIRCLE
  5
2A0
330
1F
100
AcDbEntity
  8
Via Holes
100
AcDbCircle
 10
97.75000007999999
 20
78.95999956
 30
0.0
 40
0.1499997
  0
CIRCLE
  5
2A1
330
1F
100
AcDbEntity
  8
Via Holes
100
AcDbCircle
 10
157.99999896
 20
92.25000092
 30
0.0
 40
0.1499997
  0
CIRCLE
  5
2A2
330
1F
100
AcDbEntity
  8
Via Holes
100
AcDbCircle
 10
147.25000014
 20
88.9999998
 30
0.0
 40
0.1499997
  0
CIRCLE
  5
2A3
330
1F
100
AcDbEntity
  8
Via Holes
100
AcDbCircle
 10
22.99999972
 20
12.7499999
 30
0.0
 40
0.2499995
  0
CIRCLE
  5
2A4
330
1F
100
AcDbEntity
  8
Via Holes
100
AcDbCircle
 10
63.999999
 20
69.99999969999999
 30
0.0
 40
0.1499997
  0
CIRCLE
  5
2A5
330
1F
100
AcDbEntity
  8
Via Holes
100
AcDbCircle
 10
73.99999932
 20
69.99999969999999
 30
0.0
 40
0.1499997
  0
CIRCLE
  5
2A6
330
1F
100
AcDbEntity
  8
Via Holes
100
AcDbCircle
 10
71.00000023999999
 20
93.24999892
 30
0.0
 40
0.1499997
  0
CIRCLE
  5
2A7
330
1F
100
AcDbEntity
  8
Via Holes
100
AcDbCircle
 10
70.24999919999999
 20
91.49999987999999
 30
0.0
 40
0.1499997
  0
CIRCLE
  5
2A8
330
1F
100
AcDbEntity
  8
Via Holes
100
AcDbCircle
 10
73.25000082
 20
92.74999992
 30
0.0
 40
0.1499997
  0
CIRCLE
  5
2A9
330
1F
100
AcDbEntity
  8
Via Holes
100
AcDbCircle
 10
73.34999807999999
 20
88.90000253999999
 30
0.0
 40
0.1499997
  0
CIRCLE
  5
2AA
330
1F
100
AcDbEntity
  8
Via Holes
100
AcDbCircle
 10
21.25000068
 20
81.00000055999999
 30
0.0
 40
0.1499997
  0
CIRCLE
  5
2AB
330
1F
100
AcDbEntity
  8
Via Holes
100
AcDbCircle
 10
23.24999922
 20
80.49999901999999
 30
0.0
 40
0.1499997
  0
CIRCLE
  5
2AC
330
1F
100
AcDbEntity
  8
Via Holes
100
AcDbCircle
 10
120.5000003
 20
67.25000012
 30
0.0
 40
0.1499997
  0
CIRCLE
  5
2AD
330
1F
100
AcDbEntity
  8
Via Holes
100
AcDbCircle
 10
119.25000026
 20
66.24999958
 30
0.0
 40
0.1499997
  0
CIRCLE
  5
2AE
330
1F
100
AcDbEntity
  8
Via Holes
100
AcDbCircle
 10
69.2500012
 20
35.99999912
 30
0.0
 40
0.1499997
  0
CIRCLE
  5
2AF
330
1F
100
AcDbEntity
  8
Via Holes
100
AcDbCircle
 10
42.75000085999999
 20
60.50000092
 30
0.0
 40
0.1499997
  0
CIRCLE
  5
2B0
330
1F
100
AcDbEntity
  8
Via Holes
100
AcDbCircle
 10
48.00000052
 20
60.50000092
 30
0.0
 40
0.1499997
  0
CIRCLE
  5
2B1
330
1F
100
AcDbEntity
  8
Via Holes
100
AcDbCircle
 10
70.50000124
 20
33.00000004
 30
0.0
 40
0.1499997
  0
CIRCLE
  5
2B2
330
1F
100
AcDbEntity
  8
Via Holes
100
AcDbCircle
 10
117.75000072
 20
53.74999918
 30
0.0
 40
0.1499997
  0
CIRCLE
  5
2B3
330
1F
100
AcDbEntity
  8
Via Holes
100
AcDbCircle
 10
120.5000003
 20
53.74999918
 30
0.0
 40
0.1499997
  0
CIRCLE
  5
2B4
330
1F
100
AcDbEntity
  8
Via Holes
100
AcDbCircle
 10
149.50000072
 20
29.49999942
 30
0.0
 40
0.1499997
  0
CIRCLE
  5
2B5
330
1F
100
AcDbEntity
  8
Via Holes
100
AcDbCircle
 10
147.00000064
 20
34.74999908
 30
0.0
 40
0.1499997
  0
CIRCLE
  5
2B6
330
1F
100
AcDbEntity
  8
Via Holes
100
AcDbCircle
 10
154.24999884
 20
24.74999876
 30
0.0
 40
0.1499997
  0
CIRCLE
  5
2B7
330
1F
100
AcDbEntity
  8
Via Holes
100
AcDbCircle
 10
159.75000054
 20
20.25000014
 30
0.0
 40
0.1499997
  0
CIRCLE
  5
2B8
330
1F
100
AcDbEntity
  8
Via Holes
100
AcDbCircle
 10
157.00000096
 20
22.50000072
 30
0.0
 40
0.1499997
  0
CIRCLE
  5
2B9
330
1F
100
AcDbEntity
  8
Via Holes
100
AcDbCircle
 10
126.500001
 20
35.74999962
 30
0.0
 40
0.1499997
  0
CIRCLE
  5
2BA
330
1F
100
AcDbEntity
  8
Via Holes
100
AcDbCircle
 10
134.25000074
 20
29.24999992
 30
0.0
 40
0.1499997
  0
CIRCLE
  5
2BB
330
1F
100
AcDbEntity
  8
Via Holes
100
AcDbCircle
 10
144.25000106
 20
20.25000014
 30
0.0
 40
0.1499997
  0
CIRCLE
  5
2BC
330
1F
100
AcDbEntity
  8
Via Holes
100
AcDbCircle
 10
136.75000082
 20
26.99999934
 30
0.0
 40
0.1499997
  0
CIRCLE
  5
2BD
330
1F
100
AcDbEntity
  8
Via Holes
100
AcDbCircle
 10
129.25000058
 20
33.49999904
 30
0.0
 40
0.1499997
  0
CIRCLE
  5
2BE
330
1F
100
AcDbEntity
  8
Via Holes
100
AcDbCircle
 10
139.2500009
 20
24.74999876
 30
0.0
 40
0.1499997
  0
CIRCLE
  5
2BF
330
1F
100
AcDbEntity
  8
Via Holes
100
AcDbCircle
 10
131.75000066
 20
31.5000005
 30
0.0
 40
0.1499997
  0
CIRCLE
  5
2C0
330
1F
100
AcDbEntity
  8
Via Holes
100
AcDbCircle
 10
141.75000098
 20
22.50000072
 30
0.0
 40
0.1499997
  0
CIRCLE
  5
2C1
330
1F
100
AcDbEntity
  8
Via Holes
100
AcDbCircle
 10
29.25040886
 20
15.25040892
 30
0.0
 40
0.1499997
  0
CIRCLE
  5
2C2
330
1F
100
AcDbEntity
  8
Via Holes
100
AcDbCircle
 10
21.78558
 20
11.31728496
 30
0.0
 40
0.2499995
  0
CIRCLE
  5
2C3
330
1F
100
AcDbEntity
  8
Via Holes
100
AcDbCircle
 10
19.4999991
 20
12.9999994
 30
0.0
 40
0.1499997
  0
CIRCLE
  5
2C4
330
1F
100
AcDbEntity
  8
Via Holes
100
AcDbCircle
 10
18.7500006
 20
11.00000086
 30
0.0
 40
0.1499997
  0
CIRCLE
  5
2C5
330
1F
100
AcDbEntity
  8
Via Holes
100
AcDbCircle
 10
20.49999964
 20
12.0000014
 30
0.0
 40
0.2499995
  0
CIRCLE
  5
2C6
330
1F
100
AcDbEntity
  8
Via Holes
100
AcDbCircle
 10
19.75000114
 20
71.00000023999999
 30
0.0
 40
0.1499997
  0
CIRCLE
  5
2C7
330
1F
100
AcDbEntity
  8
Via Holes
100
AcDbCircle
 10
87.25000075999999
 20
52.49999913999999
 30
0.0
 40
0.1499997
  0
CIRCLE
  5
2C8
330
1F
100
AcDbEntity
  8
Via Holes
100
AcDbCircle
 10
87.74999976
 20
50.75000009999999
 30
0.0
 40
0.1499997
  0
CIRCLE
  5
2C9
330
1F
100
AcDbEntity
  8
Via Holes
100
AcDbCircle
 10
75.49999885999999
 20
76.7499989
 30
0.0
 40
0.1499997
  0
CIRCLE
  5
2CA
330
1F
100
AcDbEntity
  8
Via Holes
100
AcDbCircle
 10
92.90469608
 20
52.76730366
 30
0.0
 40
0.1499997
  0
CIRCLE
  5
2CB
330
1F
100
AcDbEntity
  8
Via Holes
100
AcDbCircle
 10
93.69999548
 20
76.19999492
 30
0.0
 40
0.1499997
  0
CIRCLE
  5
2CC
330
1F
100
AcDbEntity
  8
Via Holes
100
AcDbCircle
 10
101.9999992
 20
61.41230542
 30
0.0
 40
0.1499997
  0
CIRCLE
  5
2CD
330
1F
100
AcDbEntity
  8
Via Holes
100
AcDbCircle
 10
96.00000104
 20
63.000001
 30
0.0
 40
0.1499997
  0
CIRCLE
  5
2CE
330
1F
100
AcDbEntity
  8
Via Holes
100
AcDbCircle
 10
93.99999996
 20
61.49999892
 30
0.0
 40
0.1499997
  0
CIRCLE
  5
2CF
330
1F
100
AcDbEntity
  8
Via Holes
100
AcDbCircle
 10
66.49999908
 20
50.5000006
 30
0.0
 40
0.1499997
  0
CIRCLE
  5
2D0
330
1F
100
AcDbEntity
  8
Via Holes
100
AcDbCircle
 10
92.99999942
 20
51.50000113999999
 30
0.0
 40
0.1499997
  0
CIRCLE
  5
2D1
330
1F
100
AcDbEntity
  8
Via Holes
100
AcDbCircle
 10
100.49999966
 20
62.49999945999999
 30
0.0
 40
0.1499997
  0
CIRCLE
  5
2D2
330
1F
100
AcDbEntity
  8
Via Holes
100
AcDbCircle
 10
60.99999992
 20
49.99999905999999
 30
0.0
 40
0.1499997
  0
CIRCLE
  5
2D3
330
1F
100
AcDbEntity
  8
Via Holes
100
AcDbCircle
 10
92.74999992
 20
48.49999952
 30
0.0
 40
0.1499997
  0
CIRCLE
  5
2D4
330
1F
100
AcDbEntity
  8
Via Holes
100
AcDbCircle
 10
92.99999942
 20
62.49999945999999
 30
0.0
 40
0.1499997
  0
CIRCLE
  5
2D5
330
1F
100
AcDbEntity
  8
Via Holes
100
AcDbCircle
 10
64.50000054
 20
49.50000006
 30
0.0
 40
0.1499997
  0
CIRCLE
  5
2D6
330
1F
100
AcDbEntity
  8
Via Holes
100
AcDbCircle
 10
92.50000041999999
 20
49.99999905999999
 30
0.0
 40
0.1499997
  0
CIRCLE
  5
2D7
330
1F
100
AcDbEntity
  8
Via Holes
100
AcDbCircle
 10
96.00000104
 20
61.49999892
 30
0.0
 40
0.1499997
  0
CIRCLE
  5
2D8
330
1F
100
AcDbEntity
  8
Via Holes
100
AcDbCircle
 10
99.00000012
 20
61.49999892
 30
0.0
 40
0.1499997
  0
CIRCLE
  5
2D9
330
1F
100
AcDbEntity
  8
Via Holes
100
AcDbCircle
 10
58.99999884
 20
49.50000006
 30
0.0
 40
0.1499997
  0
CIRCLE
  5
2DA
330
1F
100
AcDbEntity
  8
Via Holes
100
AcDbCircle
 10
93.50000096
 20
55.50000076
 30
0.0
 40
0.1499997
  0
CIRCLE
  5
2DB
330
1F
100
AcDbEntity
  8
Via Holes
100
AcDbCircle
 10
91.49999987999999
 20
62.00000046
 30
0.0
 40
0.1499997
  0
ARC
  5
2DC
330
1F
100
AcDbEntity
  8
Pad Holes
100
AcDbCircle
 10
107.4368652447284
 20
5.012502115385602
 30
0.0
 40
1.424998420000003
100
AcDbArc
 50
165.7999999999997
 51
345.8000000000004
  0
LINE
  5
2DD
330
1F
100
AcDbEntity
  8
Pad Holes
100
AcDbLine
 10
108.8183233366053
 20
4.662939478093985
 30
0.0
 11
109.4445936471486
 21
7.137935647322766
 31
0.0
  0
ARC
  5
2DE
330
1F
100
AcDbEntity
  8
Pad Holes
100
AcDbCircle
 10
108.0631355552716
 20
7.487498284614397
 30
0.0
 40
1.424998420000003
100
AcDbArc
 50
345.7999999999997
 51
165.8000000000004
  0
LINE
  5
2DF
330
1F
100
AcDbEntity
  8
Pad Holes
100
AcDbLine
 10
106.6816774633947
 20
7.837060921906014
 30
0.0
 11
106.0554071528514
 21
5.362064752677234
 31
0.0
  0
INSERT
  5
2E1
330
1F
100
AcDbEntity
  8
0
100
AcDbBlockReference
  2
R_1005_0402__104
 10
66.48999909999999
 20
31.74000256
 30
0.0
 50
90.0
  0
INSERT
  5
2E4
330
1F
100
AcDbEntity
  8
0
100
AcDbBlockReference
  2
TP_TH061_105
 10
23.75000076
 20
2.74999958
 30
0.0
 50
90.0
  0
INSERT
  5
2E7
330
1F
100
AcDbEntity
  8
0
100
AcDbBlockReference
  2
TP_TH061_106
 10
26.50000034
 20
2.74999958
 30
0.0
  0
INSERT
  5
2E9
330
1F
100
AcDbEntity
  8
0
100
AcDbBlockReference
  2
C_2012_0805__107
 10
54.25000071999999
 20
102.99999974
 30
0.0
 50
90.0
  0
INSERT
  5
2F1
330
1F
100
AcDbEntity
  8
0
100
AcDbBlockReference
  2
CONN_SKT_01X06_100MIL_108
 10
105.49999982
 20
82.60999987999999
 30
0.0
 50
180.0
  0
INSERT
  5
2F9
330
1F
100
AcDbEntity
  8
0
100
AcDbBlockReference
  2
CONN_SKT_01X06_100MIL_109
 10
65.47999858
 20
103.75000078
 30
0.0
 50
180.0
  0
INSERT
  5
301
330
1F
100
AcDbEntity
  8
0
100
AcDbBlockReference
  2
CONN_SKT_01X06_100MIL_110
 10
105.49999982
 20
91.49999987999999
 30
0.0
 50
180.0
  0
INSERT
  5
309
330
1F
100
AcDbEntity
  8
0
100
AcDbBlockReference
  2
CONN_SKT_01X06_100MIL_111
 10
12.62000016
 20
83.50000064
 30
0.0
 50
90.0
  0
INSERT
  5
311
330
1F
100
AcDbEntity
  8
0
100
AcDbBlockReference
  2
CONN_SKT_01X06_100MIL_112
 10
5.00000016
 20
83.50000064
 30
0.0
 50
90.0
  0
INSERT
  5
313
330
1F
100
AcDbEntity
  8
0
100
AcDbBlockReference
  2
R_1005_0402__113
 10
152.0000008
 20
12.7499999
 30
0.0
 50
90.0
  0
INSERT
  5
315
330
1F
100
AcDbEntity
  8
0
100
AcDbBlockReference
  2
R_1005_0402__114
 10
62.49999945999999
 20
32.50000104
 30
0.0
 50
180.0
  0
INSERT
  5
318
330
1F
100
AcDbEntity
  8
0
100
AcDbBlockReference
  2
TP_TH061_115
 10
16.00000102
 20
41.50000082
 30
0.0
 50
90.0
  0
INSERT
  5
31A
330
1F
100
AcDbEntity
  8
0
100
AcDbBlockReference
  2
SOD323_116
 10
19.0000001
 20
23.49999872
 30
0.0
 50
180.0
  0
INSERT
  5
31C
330
1F
100
AcDbEntity
  8
0
100
AcDbBlockReference
  2
SOD323_117
 10
21.50000272
 20
15.00000302
 30
0.0
 50
270.0
  0
INSERT
  5
31E
330
1F
100
AcDbEntity
  8
0
100
AcDbBlockReference
  2
SOD323_118
 10
17.50000056
 20
29.49999942
 30
0.0
 50
270.0
  0
INSERT
  5
322
330
1F
100
AcDbEntity
  8
0
100
AcDbBlockReference
  2
CONN_TERM_BLOCK_2POS_5___M____1_119
 10
7.50000024
 20
30.99999642
 30
0.0
 50
90.0
  0
INSERT
  5
325
330
1F
100
AcDbEntity
  8
0
100
AcDbBlockReference
  2
TP_TH061_120
 10
11.00000086
 20
41.50000082
 30
0.0
 50
90.0
  0
INSERT
  5
328
330
1F
100
AcDbEntity
  8
0
100
AcDbBlockReference
  2
TP_TH061_121
 10
11.00000086
 20
44.0000009
 30
0.0
  0
INSERT
  5
32B
330
1F
100
AcDbEntity
  8
0
100
AcDbBlockReference
  2
MP_M_H____M2_5_0_45___LOOSE_FIT_122
 10
178.06555954
 20
57.2087629
 30
0.0
 50
90.0
  0
INSERT
  5
32E
330
1F
100
AcDbEntity
  8
0
100
AcDbBlockReference
  2
MP_M_H____M2_5_0_45___LOOSE_FIT_123
 10
108.06555984
 20
57.18376422
 30
0.0
 50
90.0
  0
INSERT
  5
33C
330
1F
100
AcDbEntity
  8
0
100
AcDbBlockReference
  2
CONN_DC_JACK_RA_124
 10
8.45000342
 20
19.4999991
 30
0.0
 50
270.0
  0
INSERT
  5
33E
330
1F
100
AcDbEntity
  8
0
100
AcDbBlockReference
  2
C_2012_0805__125
 10
17.99999956
 20
26.50000034
 30
0.0
 50
180.0
  0
INSERT
  5
340
330
1F
100
AcDbEntity
  8
0
100
AcDbBlockReference
  2
C_1005_0402__126
 10
19.75000114
 20
28.75000092
 30
0.0
 50
180.0
  0
INSERT
  5
342
330
1F
100
AcDbEntity
  8
0
100
AcDbBlockReference
  2
C_1005_0402__127
 10
20.99999864
 20
35.50000012
 30
0.0
 50
270.0
  0
INSERT
  5
344
330
1F
100
AcDbEntity
  8
0
100
AcDbBlockReference
  2
C_2012_0805__128
 10
19.0000001
 20
35.99999912
 30
0.0
 50
270.0
  0
INSERT
  5
346
330
1F
100
AcDbEntity
  8
0
100
AcDbBlockReference
  2
C_1005_0402__129
 10
45.50000044
 20
31.9999995
 30
0.0
 50
90.0
  0
INSERT
  5
348
330
1F
100
AcDbEntity
  8
0
100
AcDbBlockReference
  2
C_2012_0805__130
 10
43.00000035999999
 20
30.99999896
 30
0.0
 50
90.0
  0
INSERT
  5
34B
330
1F
100
AcDbEntity
  8
0
100
AcDbBlockReference
  2
TP_TH061_131
 10
13.50000094
 20
44.0000009
 30
0.0
 50
90.0
  0
INSERT
  5
34E
330
1F
100
AcDbEntity
  8
0
100
AcDbBlockReference
  2
TP_TH061_132
 10
13.50000094
 20
41.50000082
 30
0.0
 50
90.0
  0
INSERT
  5
351
330
1F
100
AcDbEntity
  8
0
100
AcDbBlockReference
  2
TP_TH061_133
 10
18.5000011
 20
44.0000009
 30
0.0
 50
90.0
  0
INSERT
  5
354
330
1F
100
AcDbEntity
  8
0
100
AcDbBlockReference
  2
TP_TH061_134
 10
16.00000102
 20
44.0000009
 30
0.0
  0
INSERT
  5
35C
330
1F
100
AcDbEntity
  8
0
100
AcDbBlockReference
  2
P_CONN_HDR_1ROW_6POS_RA_100MIL_135
 10
62.15000269999999
 20
27.94
 30
0.0
 50
180.0
  0
INSERT
  5
35E
330
1F
100
AcDbEntity
  8
0
100
AcDbBlockReference
  2
C_1005_0402__136
 10
94.72687176
 20
45.78989317999999
 30
0.0
  0
INSERT
  5
360
330
1F
100
AcDbEntity
  8
0
100
AcDbBlockReference
  2
C_1005_0402__137
 10
96.99999903999999
 20
36.50000066
 30
0.0
 50
180.0
  0
INSERT
  5
362
330
1F
100
AcDbEntity
  8
0
100
AcDbBlockReference
  2
C_1005_0402__138
 10
101.9999992
 20
45.25000094
 30
0.0
 50
180.0
  0
INSERT
  5
364
330
1F
100
AcDbEntity
  8
0
100
AcDbBlockReference
  2
C_1005_0402__139
 10
101.7499997
 20
55.75000025999999
 30
0.0
 50
180.0
  0
INSERT
  5
366
330
1F
100
AcDbEntity
  8
0
100
AcDbBlockReference
  2
R_3216_1206__140
 10
164.7500007
 20
12.5000004
 30
0.0
 50
270.0
  0
INSERT
  5
368
330
1F
100
AcDbEntity
  8
0
100
AcDbBlockReference
  2
C_2012_0805__141
 10
95.0000005
 20
86.99999872
 30
0.0
  0
INSERT
  5
36A
330
1F
100
AcDbEntity
  8
0
100
AcDbBlockReference
  2
C_2012_0805__142
 10
8.99999978
 20
93.75000046
 30
0.0
 50
270.0
  0
INSERT
  5
36C
330
1F
100
AcDbEntity
  8
0
100
AcDbBlockReference
  2
C_2012_0805__143
 10
118.00000022
 20
12.9999994
 30
0.0
  0
INSERT
  5
36E
330
1F
100
AcDbEntity
  8
0
100
AcDbBlockReference
  2
C_2012_0805__144
 10
186.99999938
 20
81.00000055999999
 30
0.0
 50
90.0
  0
INSERT
  5
370
330
1F
100
AcDbEntity
  8
0
100
AcDbBlockReference
  2
C_2012_0805__145
 10
147.00000064
 20
81.00000055999999
 30
0.0
 50
90.0
  0
INSERT
  5
372
330
1F
100
AcDbEntity
  8
0
100
AcDbBlockReference
  2
C_2012_0805__146
 10
156.00000042
 20
81.00000055999999
 30
0.0
 50
90.0
  0
INSERT
  5
374
330
1F
100
AcDbEntity
  8
0
100
AcDbBlockReference
  2
C_2012_0805__147
 10
115.99999914
 20
81.00000055999999
 30
0.0
 50
90.0
  0
INSERT
  5
378
330
1F
100
AcDbEntity
  8
0
100
AcDbBlockReference
  2
SOT_223_148
 10
36.00000166
 20
24.99999826
 30
0.0
  0
INSERT
  5
37A
330
1F
100
AcDbEntity
  8
0
100
AcDbBlockReference
  2
U_TSSOP65P660X450_20_149
 10
97.99999958
 20
50.9999996
 30
0.0
  0
INSERT
  5
37C
330
1F
100
AcDbEntity
  8
0
100
AcDbBlockReference
  2
U_TSSOP65P660X450_20_150
 10
97.99999958
 20
40.99999928
 30
0.0
  0
INSERT
  5
37E
330
1F
100
AcDbEntity
  8
0
100
AcDbBlockReference
  2
SOD323_151
 10
39.99999874
 20
30.99999896
 30
0.0
 50
270.0
  0
INSERT
  5
380
330
1F
100
AcDbEntity
  8
0
100
AcDbBlockReference
  2
C_1005_0402__152
 10
24.7500013
 20
22.49999818
 30
0.0
 50
90.0
  0
INSERT
  5
382
330
1F
100
AcDbEntity
  8
0
100
AcDbBlockReference
  2
C_2012_0805__153
 10
26.75000238
 20
22.49999818
 30
0.0
 50
90.0
  0
INSERT
  5
384
330
1F
100
AcDbEntity
  8
0
100
AcDbBlockReference
  2
C_2012_0805__154
 10
29.25000246
 20
22.49999818
 30
0.0
 50
90.0
  0
INSERT
  5
386
330
1F
100
AcDbEntity
  8
0
100
AcDbBlockReference
  2
C_1005_0402__155
 10
29.49999942
 20
26.99999426
 30
0.0
 50
270.0
  0
INSERT
  5
388
330
1F
100
AcDbEntity
  8
0
100
AcDbBlockReference
  2
C_2012_0805__156
 10
27.50000088
 20
27.0499967
 30
0.0
 50
270.0
  0
INSERT
  5
38A
330
1F
100
AcDbEntity
  8
0
100
AcDbBlockReference
  2
C_2012_0805__157
 10
25.0000008
 20
27.0499967
 30
0.0
 50
270.0
  0
INSERT
  5
38C
330
1F
100
AcDbEntity
  8
0
100
AcDbBlockReference
  2
R_1005_0402__158
 10
25.9999988
 20
62.49999945999999
 30
0.0
  0
INSERT
  5
38E
330
1F
100
AcDbEntity
  8
0
100
AcDbBlockReference
  2
R_1005_0402__159
 10
74.50000086
 20
37.24999915999999
 30
0.0
  0
INSERT
  5
390
330
1F
100
AcDbEntity
  8
0
100
AcDbBlockReference
  2
SOD323_160
 10
26.99999934
 20
10.49999932
 30
0.0
 50
180.0
  0
INSERT
  5
392
330
1F
100
AcDbEntity
  8
0
100
AcDbBlockReference
  2
R_1005_0402__161
 10
156.74999892
 20
13.99999994
 30
0.0
 50
270.0
  0
INSERT
  5
394
330
1F
100
AcDbEntity
  8
0
100
AcDbBlockReference
  2
R_1005_0402__162
 10
155.24999938
 20
13.99999994
 30
0.0
 50
90.0
  0
INSERT
  5
397
330
1F
100
AcDbEntity
  8
0
100
AcDbBlockReference
  2
MP_M_H_____4_40_LOOSE_FIT_163
 10
6.000000699999999
 20
6.000000699999999
 30
0.0
  0
INSERT
  5
39A
330
1F
100
AcDbEntity
  8
0
100
AcDbBlockReference
  2
MP_M_H_____4_40_LOOSE_FIT_164
 10
100.00000066
 20
25.0000008
 30
0.0
  0
INSERT
  5
39D
330
1F
100
AcDbEntity
  8
0
100
AcDbBlockReference
  2
MP_M_H_____4_40_LOOSE_FIT_165
 10
194.00000062
 20
104.00000028
 30
0.0
 50
90.0
  0
INSERT
  5
3A0
330
1F
100
AcDbEntity
  8
0
100
AcDbBlockReference
  2
MP_M_H_____4_40_LOOSE_FIT_166
 10
100.00000066
 20
104.00000028
 30
0.0
 50
90.0
  0
INSERT
  5
3A3
330
1F
100
AcDbEntity
  8
0
100
AcDbBlockReference
  2
MP_M_H_____4_40_LOOSE_FIT_167
 10
6.000000699999999
 20
104.00000028
 30
0.0
  0
INSERT
  5
3A6
330
1F
100
AcDbEntity
  8
0
100
AcDbBlockReference
  2
MP_M_H____M2_5_0_45___LOOSE_FIT_168
 10
195.44055908
 20
70.0087627
 30
0.0
 50
90.0
  0
INSERT
  5
3A9
330
1F
100
AcDbEntity
  8
0
100
AcDbBlockReference
  2
MP_M_H____M2_5_0_45___LOOSE_FIT_169
 10
107.44055982
 20
70.0087627
 30
0.0
 50
90.0
  0
INSERT
  5
3AC
330
1F
100
AcDbEntity
  8
0
100
AcDbBlockReference
  2
MP_M_H____M2_5_0_45___LOOSE_FIT_170
 10
195.44055908
 20
5.0087657
 30
0.0
 50
90.0
  0
INSERT
  5
3AF
330
1F
100
AcDbEntity
  8
0
100
AcDbBlockReference
  2
MP_M_H____M2_5_0_45___LOOSE_FIT_171
 10
178.06555954
 20
7.50876324
 30
0.0
 50
90.0
  0
INSERT
  5
3B1
330
1F
100
AcDbEntity
  8
0
100
AcDbBlockReference
  2
R_1005_0402__172
 10
30.74999946
 20
12.9999994
 30
0.0
  0
INSERT
  5
3D3
330
1F
100
AcDbEntity
  8
0
100
AcDbBlockReference
  2
FP_USB4085_GF_A_MFG_173
 10
17.00000156
 20
5.500001699999999
 30
0.0
  0
INSERT
  5
3D5
330
1F
100
AcDbEntity
  8
0
100
AcDbBlockReference
  2
C_2012_0805__174
 10
24.24999976
 20
10.00000032
 30
0.0
 50
90.0
  0
INSERT
  5
3D7
330
1F
100
AcDbEntity
  8
0
100
AcDbBlockReference
  2
C_1005_0402__175
 10
33.00000004
 20
14.45000158
 30
0.0
 50
90.0
  0
INSERT
  5
3DB
330
1F
100
AcDbEntity
  8
0
100
AcDbBlockReference
  2
CONN_HDR_2POS_100MILS_TH_176
 10
18.45500246
 20
57.97499962
 30
0.0
  0
INSERT
  5
3DD
330
1F
100
AcDbEntity
  8
0
100
AcDbBlockReference
  2
U_USON50P250X100_10_177
 10
17.40500202
 20
12.56500154
 30
0.0
 50
180.0
  0
INSERT
  5
3DF
330
1F
100
AcDbEntity
  8
0
100
AcDbBlockReference
  2
U_MSOP50P300X500_10_RM_10__WO_TP_178
 10
29.00000042
 20
15.75000152
 30
0.0
 50
270.0
  0
INSERT
  5
3E1
330
1F
100
AcDbEntity
  8
0
100
AcDbBlockReference
  2
SOIC_8_179
 10
16.16999814
 20
67.16597691999999
 30
0.0
 50
270.0
  0
INSERT
  5
3E3
330
1F
100
AcDbEntity
  8
0
100
AcDbBlockReference
  2
R_3216_1206__180
 10
18.82499918
 20
53.97499999999999
 30
0.0
  0
INSERT
  5
3E5
330
1F
100
AcDbEntity
  8
0
100
AcDbBlockReference
  2
R_1005_0402__181
 10
20.00000064
 20
65.50000107999999
 30
0.0
 50
270.0
  0
INSERT
  5
3E7
330
1F
100
AcDbEntity
  8
0
100
AcDbBlockReference
  2
R_1005_0402__182
 10
65.17000173999999
 20
33.95999812
 30
0.0
  0
INSERT
  5
3E9
330
1F
100
AcDbEntity
  8
0
100
AcDbBlockReference
  2
R_1005_0402__183
 10
65.17000173999999
 20
35.86499812
 30
0.0
  0
INSERT
  5
3EB
330
1F
100
AcDbEntity
  8
0
100
AcDbBlockReference
  2
R_1005_0402__184
 10
19.4999991
 20
14.75000098
 30
0.0
 50
270.0
  0
INSERT
  5
3ED
330
1F
100
AcDbEntity
  8
0
100
AcDbBlockReference
  2
R_1005_0402__185
 10
17.99999956
 20
14.75000098
 30
0.0
 50
270.0
  0
INSERT
  5
3EF
330
1F
100
AcDbEntity
  8
0
100
AcDbBlockReference
  2
R_1005_0402__186
 10
67.71000174
 20
33.95999558
 30
0.0
 50
180.0
  0
INSERT
  5
3F1
330
1F
100
AcDbEntity
  8
0
100
AcDbBlockReference
  2
R_1005_0402__187
 10
67.71000427999999
 20
35.86499812
 30
0.0
 50
180.0
  0
INSERT
  5
3F3
330
1F
100
AcDbEntity
  8
0
100
AcDbBlockReference
  2
R_1005_0402__188
 10
152.4999998
 20
91.00000088
 30
0.0
 50
180.0
  0
INSERT
  5
3F5
330
1F
100
AcDbEntity
  8
0
100
AcDbBlockReference
  2
R_1005_0402__189
 10
152.4999998
 20
92.50000041999999
 30
0.0
 50
180.0
  0
INSERT
  5
3F7
330
1F
100
AcDbEntity
  8
0
100
AcDbBlockReference
  2
R_1005_0402__190
 10
149.99999972
 20
91.00000088
 30
0.0
  0
INSERT
  5
3F9
330
1F
100
AcDbEntity
  8
0
100
AcDbBlockReference
  2
R_1005_0402__191
 10
149.99999972
 20
92.50000041999999
 30
0.0
  0
INSERT
  5
3FC
330
1F
100
AcDbEntity
  8
0
100
AcDbBlockReference
  2
TP_TH061_192
 10
29.24999992
 20
101.7499997
 30
0.0
  0
INSERT
  5
3FE
330
1F
100
AcDbEntity
  8
0
100
AcDbBlockReference
  2
C_1005_0402__193
 10
15.8899987
 20
72.31000016
 30
0.0
 50
180.0
  0
INSERT
  5
400
330
1F
100
AcDbEntity
  8
0
100
AcDbBlockReference
  2
C_2012_0805__194
 10
11.0000034
 20
68.50000016
 30
0.0
 50
90.0
  0
INSERT
  5
402
330
1F
100
AcDbEntity
  8
0
100
AcDbBlockReference
  2
C_1005_0402__195
 10
30.99999896
 20
18.2500016
 30
0.0
  0
INSERT
  5
407
330
1F
100
AcDbEntity
  8
0
100
AcDbBlockReference
  2
CONN_TERM_BLOCK_3POS_5___M____1_196
 10
7.3813797
 20
55.00592758
 30
0.0
 50
90.0
  0
INSERT
  5
40E
330
1F
100
AcDbEntity
  8
0
100
AcDbBlockReference
  2
R_POT_TH_TOP_197
 10
98.74499936
 20
12.21000098
 30
0.0
 50
180.0
  0
INSERT
  5
426
330
1F
100
AcDbEntity
  8
0
100
AcDbBlockReference
  2
CONN_SKT_20POS_100MIL_198
 10
143.07055968
 20
5.008763159999999
 30
0.0
 50
180.0
  0
INSERT
  5
43E
330
1F
100
AcDbEntity
  8
0
100
AcDbBlockReference
  2
CONN_SKT_20POS_100MIL_199
 10
143.07055968
 20
7.538763179999999
 30
0.0
  0
INSERT
  5
441
330
1F
100
AcDbEntity
  8
0
100
AcDbBlockReference
  2
TP_TH061_200
 10
31.75
 20
101.7499997
 30
0.0
  0
INSERT
  5
453
330
1F
100
AcDbEntity
  8
0
100
AcDbBlockReference
  2
MIKROBUS_HOST_CONN__TH_201
 10
171.9999989
 20
88.9999998
 30
0.0
  0
INSERT
  5
465
330
1F
100
AcDbEntity
  8
0
100
AcDbBlockReference
  2
MIKROBUS_HOST_CONN__TH_202
 10
132.00000016
 20
88.9999998
 30
0.0
  0
INSERT
  5
499
330
1F
100
AcDbEntity
  8
0
100
AcDbBlockReference
  2
CONN_HEAD02X25_100MIL_203
 10
81.28000761999999
 20
66.03999999999999
 30
0.0
 50
90.0
  0
INSERT
  5
4CD
330
1F
100
AcDbEntity
  8
0
100
AcDbBlockReference
  2
CONN_HEAD02X25_100MIL_204
 10
30.48000508
 20
66.03999746
 30
0.0
 50
90.0
  0
INSERT
  5
4D1
330
1F
100
AcDbEntity
  8
0
100
AcDbBlockReference
  2
CONN_SKT_2POS_100MILS_TH_205
 10
82.55000508
 20
6.35
 30
0.0
 50
90.0
  0
INSERT
  5
4D5
330
1F
100
AcDbEntity
  8
0
100
AcDbBlockReference
  2
CONN_SKT_2POS_100MILS_TH_206
 10
29.21000762
 20
6.35
 30
0.0
 50
90.0
  0
ENDSEC
  0
SECTION
  2
OBJECTS
  0
DICTIONARY
  5
C
330
0
100
AcDbDictionary
281
     1
  3
ACAD_DETAILVIEWSTYLE
350
5AB
  3
ACAD_GROUP
350
D
  3
ACAD_LAYOUT
350
1A
  3
ACAD_MATERIAL
350
43
  3
ACAD_MLEADERSTYLE
350
5B
  3
ACAD_MLINESTYLE
350
17
  3
ACAD_PLOTSETTINGS
350
19
  3
ACAD_PLOTSTYLENAME
350
E
  3
ACAD_SCALELIST
350
47
  3
ACAD_SECTIONVIEWSTYLE
350
5AC
  3
ACAD_TABLESTYLE
350
59
  3
ACAD_VISUALSTYLE
350
2A
  3
ACDB_RECOMPOSE_DATA
350
5A8
  3
AcDbVariableDictionary
350
5A4
  0
SUN
  5
5D
330
29
100
AcDbSun
 90
        1
290
     0
 63
     7
421
 16777215
 40
1.0
291
     1
 91
  2455826
 92
 54000000
292
     0
 70
     2
 71
   256
280
     1
  0
DICTIONARY
  5
5AB
102
{ACAD_REACTORS
330
C
102
}
330
C
100
AcDbDictionary
281
     1
  0
DICTIONARY
  5
D
102
{ACAD_REACTORS
330
C
102
}
330
C
100
AcDbDictionary
281
     1
  0
DICTIONARY
  5
1A
102
{ACAD_REACTORS
330
C
102
}
330
C
100
AcDbDictionary
281
     1
  3
Layout1
350
1E
  3
Layout2
350
26
  3
Model
350
22
  0
DICTIONARY
  5
43
102
{ACAD_REACTORS
330
C
102
}
330
C
100
AcDbDictionary
281
     1
  3
ByBlock
350
45
  3
ByLayer
350
44
  3
Global
350
46
  0
DICTIONARY
  5
5B
102
{ACAD_REACTORS
330
C
102
}
330
C
100
AcDbDictionary
281
     1
  3
Standard
350
5C
  0
DICTIONARY
  5
17
102
{ACAD_REACTORS
330
C
102
}
330
C
100
AcDbDictionary
281
     1
  3
Standard
350
18
  0
DICTIONARY
  5
19
102
{ACAD_REACTORS
330
C
102
}
330
C
100
AcDbDictionary
281
     1
  0
ACDBDICTIONARYWDFLT
  5
E
102
{ACAD_REACTORS
330
C
102
}
330
C
100
AcDbDictionary
281
     1
  3
Normal
350
F
100
AcDbDictionaryWithDefault
340
F
  0
DICTIONARY
  5
47
102
{ACAD_REACTORS
330
C
102
}
330
C
100
AcDbDictionary
281
     1
  3
A0
350
48
  3
A1
350
49
  3
A2
350
4A
  3
A3
350
4B
  3
A4
350
4C
  3
A5
350
4D
  3
A6
350
4E
  3
A7
350
4F
  3
A8
350
50
  3
A9
350
51
  3
B1
350
52
  3
B2
350
53
  3
B3
350
54
  3
B4
350
55
  3
B5
350
56
  3
B6
350
57
  3
B7
350
58
  0
DICTIONARY
  5
5AC
102
{ACAD_REACTORS
330
C
102
}
330
C
100
AcDbDictionary
281
     1
  0
DICTIONARY
  5
59
102
{ACAD_REACTORS
330
C
102
}
330
C
100
AcDbDictionary
281
     1
  3
Standard
350
5A
  0
DICTIONARY
  5
2A
102
{ACAD_REACTORS
330
C
102
}
330
C
100
AcDbDictionary
281
     1
  3
2dWireframe
350
2F
  3
Basic
350
32
  3
Brighten
350
36
  3
ColorChange
350
3A
  3
Conceptual
350
34
  3
Dim
350
35
  3
EdgeColorOff
350
3D
  3
Facepattern
350
39
  3
Flat
350
2B
  3
FlatWithEdges
350
2C
  3
Gouraud
350
2D
  3
GouraudWithEdges
350
2E
  3
Hidden
350
31
  3
JitterOff
350
3B
  3
Linepattern
350
38
  3
OverhangOff
350
3C
  3
Realistic
350
33
  3
Shaded
350
42
  3
Shaded with edges
350
41
  3
Shades of Gray
350
3E
  3
Sketchy
350
3F
  3
Thicken
350
37
  3
Wireframe
350
30
  3
X-Ray
350
40
  0
XRECORD
  5
5A8
102
{ACAD_REACTORS
330
C
102
}
330
C
100
AcDbXrecord
280
     1
 90
        1
330
5A
  0
DICTIONARY
  5
5A4
102
{ACAD_REACTORS
330
C
102
}
330
C
100
AcDbDictionary
281
     1
  3
CANNOSCALE
350
5A5
  3
CMLEADERSTYLE
350
5AA
  3
CTABLESTYLE
350
5A9
  0
LAYOUT
  5
1E
102
{ACAD_REACTORS
330
1A
102
}
330
1A
100
AcDbPlotSettings
  1

  2
none_device
  4

  6

 40
0.0
 41
0.0
 42
0.0
 43
0.0
 44
0.0
 45
0.0
 46
0.0
 47
0.0
 48
0.0
 49
0.0
140
0.0
141
0.0
142
1.0
143
1.0
 70
   688
 72
     0
 73
     0
 74
     5
  7

 75
    16
 76
     0
 77
     2
 78
   300
147
1.0
148
0.0
149
0.0
100
AcDbLayout
  1
Layout1
 70
     1
 71
     1
 10
0.0
 20
0.0
 11
12.0
 21
9.0
 12
0.0
 22
0.0
 32
0.0
 14
1.000000000000000E+20
 24
1.000000000000000E+20
 34
1.000000000000000E+20
 15
-1.000000000000000E+20
 25
-1.000000000000000E+20
 35
-1.000000000000000E+20
146
0.0
 13
0.0
 23
0.0
 33
0.0
 16
1.0
 26
0.0
 36
0.0
 17
0.0
 27
1.0
 37
0.0
 76
     0
330
1B
  0
LAYOUT
  5
26
102
{ACAD_REACTORS
330
1A
102
}
330
1A
100
AcDbPlotSettings
  1

  2
none_device
  4

  6

 40
0.0
 41
0.0
 42
0.0
 43
0.0
 44
0.0
 45
0.0
 46
0.0
 47
0.0
 48
0.0
 49
0.0
140
0.0
141
0.0
142
1.0
143
1.0
 70
   688
 72
     0
 73
     0
 74
     5
  7

 75
    16
 76
     0
 77
     2
 78
   300
147
1.0
148
0.0
149
0.0
100
AcDbLayout
  1
Layout2
 70
     1
 71
     2
 10
0.0
 20
0.0
 11
0.0
 21
0.0
 12
0.0
 22
0.0
 32
0.0
 14
0.0
 24
0.0
 34
0.0
 15
0.0
 25
0.0
 35
0.0
146
0.0
 13
0.0
 23
0.0
 33
0.0
 16
1.0
 26
0.0
 36
0.0
 17
0.0
 27
1.0
 37
0.0
 76
     0
330
23
  0
LAYOUT
  5
22
102
{ACAD_REACTORS
330
1A
102
}
330
1A
100
AcDbPlotSettings
  1

  2
none_device
  4
Letter_(8.50_x_11.00_Inches)
  6

 40
6.35
 41
6.35
 42
6.35000508
 43
6.35000508
 44
215.9
 45
279.4
 46
0.0
 47
0.0
 48
0.0
 49
0.0
140
0.0
141
0.0
142
1.0
143
1.0
 70
  1712
 72
     0
 73
     0
 74
     0
  7

 75
     0
 76
     0
 77
     2
 78
   300
147
1.0
148
0.0
149
0.0
100
AcDbLayout
  1
Model
 70
     1
 71
     0
 10
-8.634999239999999
 20
-10.287
 11
338.56786744
 21
124.30423704
 12
0.0
 22
0.0
 32
0.0
 14
1.000000000000000E+20
 24
1.000000000000000E+20
 34
1.000000000000000E+20
 15
-1.000000000000000E+20
 25
-1.000000000000000E+20
 35
-1.000000000000000E+20
146
0.0
 13
0.0
 23
0.0
 33
0.0
 16
1.0
 26
0.0
 36
0.0
 17
0.0
 27
1.0
 37
0.0
 76
     0
330
1F
331
29
  0
MATERIAL
  5
45
102
{ACAD_REACTORS
330
43
102
}
330
43
100
AcDbMaterial
  1
ByBlock
 72
     1
 94
      127
  0
MATERIAL
  5
44
102
{ACAD_REACTORS
330
43
102
}
330
43
100
AcDbMaterial
  1
ByLayer
 72
     1
 94
      127
  0
MATERIAL
  5
46
102
{ACAD_REACTORS
330
43
102
}
330
43
100
AcDbMaterial
  1
Global
 72
     1
 94
      127
  0
MLEADERSTYLE
  5
5C
102
{ACAD_REACTORS
330
5B
102
}
330
5B
100
AcDbMLeaderStyle
179
     2
170
     2
171
     1
172
     0
 90
        2
 40
0.0
 41
0.0
173
     1
 91
-1056964608
340
14
 92
       -2
290
     1
 42
0.09
291
     1
 43
0.36
  3
Standard
341
0
 44
0.18
300

342
11
174
     1
178
     6
175
     1
176
     0
 93
-1056964608
 45
0.18
292
     0
297
     0
 46
0.18
343
0
 94
-1056964608
 47
1.0
 49
1.0
140
1.0
293
     1
141
0.0
294
     1
177
     0
142
1.0
295
     0
296
     0
143
0.125
271
     0
272
     9
273
     9
298
     0
  0
MLINESTYLE
  5
18
102
{ACAD_REACTORS
330
17
102
}
330
17
100
AcDbMlineStyle
  2
Standard
 70
     0
  3

 62
   256
 51
90.0
 52
90.0
 71
     2
 49
0.5
 62
   256
  6
BYLAYER
 49
-0.5
 62
   256
  6
BYLAYER
  0
ACDBPLACEHOLDER
  5
F
102
{ACAD_REACTORS
330
E
102
}
330
E
  0
SCALE
  5
48
102
{ACAD_REACTORS
330
47
102
}
330
47
100
AcDbScale
 70
     0
300
1:1
140
1.0
141
1.0
290
     1
  0
SCALE
  5
49
102
{ACAD_REACTORS
330
47
102
}
330
47
100
AcDbScale
 70
     0
300
1/128" = 1'-0"
140
0.0078125
141
12.0
290
     0
  0
SCALE
  5
4A
102
{ACAD_REACTORS
330
47
102
}
330
47
100
AcDbScale
 70
     0
300
1/64" = 1'-0"
140
0.015625
141
12.0
290
     0
  0
SCALE
  5
4B
102
{ACAD_REACTORS
330
47
102
}
330
47
100
AcDbScale
 70
     0
300
1/32" = 1'-0"
140
0.03125
141
12.0
290
     0
  0
SCALE
  5
4C
102
{ACAD_REACTORS
330
47
102
}
330
47
100
AcDbScale
 70
     0
300
1/16" = 1'-0"
140
0.0625
141
12.0
290
     0
  0
SCALE
  5
4D
102
{ACAD_REACTORS
330
47
102
}
330
47
100
AcDbScale
 70
     0
300
3/32" = 1'-0"
140
0.09375
141
12.0
290
     0
  0
SCALE
  5
4E
102
{ACAD_REACTORS
330
47
102
}
330
47
100
AcDbScale
 70
     0
300
1/8" = 1'-0"
140
0.125
141
12.0
290
     0
  0
SCALE
  5
4F
102
{ACAD_REACTORS
330
47
102
}
330
47
100
AcDbScale
 70
     0
300
3/16" = 1'-0"
140
0.1875
141
12.0
290
     0
  0
SCALE
  5
50
102
{ACAD_REACTORS
330
47
102
}
330
47
100
AcDbScale
 70
     0
300
1/4" = 1'-0"
140
0.25
141
12.0
290
     0
  0
SCALE
  5
51
102
{ACAD_REACTORS
330
47
102
}
330
47
100
AcDbScale
 70
     0
300
3/8" = 1'-0"
140
0.375
141
12.0
290
     0
  0
SCALE
  5
52
102
{ACAD_REACTORS
330
47
102
}
330
47
100
AcDbScale
 70
     0
300
1/2" = 1'-0"
140
0.5
141
12.0
290
     0
  0
SCALE
  5
53
102
{ACAD_REACTORS
330
47
102
}
330
47
100
AcDbScale
 70
     0
300
3/4" = 1'-0"
140
0.75
141
12.0
290
     0
  0
SCALE
  5
54
102
{ACAD_REACTORS
330
47
102
}
330
47
100
AcDbScale
 70
     0
300
1" = 1'-0"
140
1.0
141
12.0
290
     0
  0
SCALE
  5
55
102
{ACAD_REACTORS
330
47
102
}
330
47
100
AcDbScale
 70
     0
300
1-1/2" = 1'-0"
140
1.5
141
12.0
290
     0
  0
SCALE
  5
56
102
{ACAD_REACTORS
330
47
102
}
330
47
100
AcDbScale
 70
     0
300
3" = 1'-0"
140
3.0
141
12.0
290
     0
  0
SCALE
  5
57
102
{ACAD_REACTORS
330
47
102
}
330
47
100
AcDbScale
 70
     0
300
6" = 1'-0"
140
6.0
141
12.0
290
     0
  0
SCALE
  5
58
102
{ACAD_REACTORS
330
47
102
}
330
47
100
AcDbScale
 70
     0
300
1'-0" = 1'-0"
140
12.0
141
12.0
290
     0
  0
TABLESTYLE
  5
5A
102
{ACAD_REACTORS
330
59
102
}
102
{ACAD_XDICTIONARY
360
5A6
102
}
330
59
100
AcDbTableStyle
  3
Standard
 70
     0
 71
     0
 40
0.06
 41
0.06
280
     0
281
     0
  7
Standard
140
0.18
170
     2
 62
     0
 63
   257
283
     0
 90
        4
 91
        0
  1

274
    -2
284
     1
 64
     0
275
    -2
285
     1
 65
     0
276
    -2
286
     1
 66
     0
277
    -2
287
     1
 67
     0
278
    -2
288
     1
 68
     0
279
    -2
289
     1
 69
     0
  7
Standard
140
0.25
170
     5
 62
     0
 63
   257
283
     0
 90
        4
 91
        0
  1

274
    -2
284
     1
 64
     0
275
    -2
285
     1
 65
     0
276
    -2
286
     1
 66
     0
277
    -2
287
     1
 67
     0
278
    -2
288
     1
 68
     0
279
    -2
289
     1
 69
     0
  7
Standard
140
0.18
170
     5
 62
     0
 63
   257
283
     0
 90
        4
 91
        0
  1

274
    -2
284
     1
 64
     0
275
    -2
285
     1
 65
     0
276
    -2
286
     1
 66
     0
277
    -2
287
     1
 67
     0
278
    -2
288
     1
 68
     0
279
    -2
289
     1
 69
     0
  0
VISUALSTYLE
  5
2F
102
{ACAD_REACTORS
330
2A
102
}
330
2A
100
AcDbVisualStyle
  2
2dWireframe
 70
     4
177
     3
291
     0
 70
    58
 90
        0
176
     1
 90
        2
176
     1
 90
        0
176
     1
 90
        0
176
     1
 40
0.6
176
     1
 40
30.0
176
     1
 62
     7
420
 16777215
176
     1
 90
        1
176
     1
 90
        4
176
     1
 62
     7
176
     1
 62
   257
176
     1
 90
        1
176
     1
 90
        1
176
     1
 40
1.0
176
     1
 90
        0
176
     1
 62
   257
176
     1
 40
1.0
176
     1
 90
        1
176
     1
 90
        6
176
     1
 90
        2
176
     1
 62
     7
176
     1
 90
        5
176
     1
 90
        0
176
     1
 90
        0
176
     1
290
     0
176
     1
 90
        1
176
     1
 40
0.0
176
     1
 90
        0
176
     1
290
     1
176
     1
290
     1
176
     1
290
     0
176
     1
290
     0
176
     1
290
     0
176
     1
290
     0
176
     1
290
     0
176
     1
290
     0
176
     1
290
     0
176
     1
 90
       50
176
     1
 40
0.0
176
     1
 40
1.0
176
     1
 90
        0
176
     1
 62
    18
420
        0
176
     1
 90
       50
176
     1
 90
        3
176
     1
 62
     5
420
      255
176
     1
290
     0
176
     1
 90
       50
176
     1
 90
       50
176
     1
 90
       50
176
     1
290
     0
176
     1
 90
       50
176
     1
 62
   256
176
     0
 40
1.0
176
     0
 90
        2
176
     1
  1
strokes_ogs.tif
176
     1
290
     0
176
     1
 40
1.0
176
     1
 40
1.0
176
     1
  0
VISUALSTYLE
  5
32
102
{ACAD_REACTORS
330
2A
102
}
330
2A
100
AcDbVisualStyle
  2
Basic
 70
     7
177
     3
291
     1
 70
    58
 90
        1
176
     1
 90
        0
176
     1
 90
        1
176
     1
 90
        0
176
     1
 40
0.6
176
     1
 40
30.0
176
     1
 62
     7
420
 16777215
176
     1
 90
        0
176
     1
 90
        4
176
     1
 62
     7
176
     1
 62
   257
176
     1
 90
        1
176
     1
 90
        1
176
     1
 40
1.0
176
     1
 90
        8
176
     1
 62
     7
176
     1
 40
1.0
176
     1
 90
        1
176
     1
 90
        6
176
     1
 90
        2
176
     1
 62
     7
176
     1
 90
        5
176
     1
 90
        0
176
     1
 90
        0
176
     1
290
     0
176
     1
 90
        1
176
     1
 40
0.0
176
     1
 90
        0
176
     1
290
     0
176
     1
290
     1
176
     1
290
     1
176
     1
290
     0
176
     1
290
     0
176
     1
290
     0
176
     1
290
     0
176
     1
290
     0
176
     1
290
     0
176
     1
 90
       50
176
     1
 40
0.0
176
     1
 40
1.0
176
     1
 90
        0
176
     1
 62
    18
420
        0
176
     1
 90
       50
176
     1
 90
        3
176
     1
 62
     5
420
      255
176
     1
290
     0
176
     1
 90
       50
176
     1
 90
       50
176
     1
 90
       50
176
     1
290
     0
176
     1
 90
       50
176
     1
 62
   256
176
     0
 40
1.0
176
     0
 90
        2
176
     1
  1
strokes_ogs.tif
176
     1
290
     0
176
     1
 40
1.0
176
     1
 40
1.0
176
     1
  0
VISUALSTYLE
  5
36
102
{ACAD_REACTORS
330
2A
102
}
330
2A
100
AcDbVisualStyle
  2
Brighten
 70
    12
177
     3
291
     1
 70
    58
 90
        2
176
     1
 90
        2
176
     1
 90
        0
176
     1
 90
        0
176
     1
 40
0.6
176
     1
 40
30.0
176
     1
 62
     7
420
 16777215
176
     1
 90
        1
176
     1
 90
        4
176
     1
 62
     7
176
     1
 62
   257
176
     1
 90
        1
176
     1
 90
        1
176
     1
 40
1.0
176
     1
 90
        8
176
     1
 62
     7
176
     1
 40
1.0
176
     1
 90
        1
176
     1
 90
        6
176
     1
 90
        2
176
     1
 62
     7
176
     1
 90
        5
176
     1
 90
        0
176
     1
 90
        0
176
     1
290
     0
176
     1
 90
        1
176
     1
 40
50.0
176
     1
 90
        0
176
     1
290
     0
176
     1
290
     1
176
     1
290
     1
176
     1
290
     0
176
     1
290
     0
176
     1
290
     0
176
     1
290
     0
176
     1
290
     0
176
     1
290
     0
176
     1
 90
       50
176
     1
 40
0.0
176
     1
 40
1.0
176
     1
 90
        0
176
     1
 62
    18
420
        0
176
     1
 90
       50
176
     1
 90
        3
176
     1
 62
     5
420
      255
176
     1
290
     0
176
     1
 90
       50
176
     1
 90
       50
176
     1
 90
       50
176
     1
290
     0
176
     1
 90
       50
176
     1
 62
   256
176
     0
 40
1.0
176
     0
 90
        2
176
     1
  1
strokes_ogs.tif
176
     1
290
     0
176
     1
 40
1.0
176
     1
 40
1.0
176
     1
  0
VISUALSTYLE
  5
3A
102
{ACAD_REACTORS
330
2A
102
}
330
2A
100
AcDbVisualStyle
  2
ColorChange
 70
    16
177
     3
291
     1
 70
    58
 90
        2
176
     1
 90
        2
176
     1
 90
        3
176
     1
 90
        0
176
     1
 40
0.6
176
     1
 40
30.0
176
     1
 62
     8
420
  8421504
176
     1
 90
        1
176
     1
 90
        4
176
     1
 62
     7
176
     1
 62
   257
176
     1
 90
        1
176
     1
 90
        1
176
     1
 40
1.0
176
     1
 90
        8
176
     1
 62
     8
420
  8421504
176
     1
 40
1.0
176
     1
 90
        1
176
     1
 90
        6
176
     1
 90
        2
176
     1
 62
     7
176
     1
 90
        5
176
     1
 90
        0
176
     1
 90
        0
176
     1
290
     0
176
     1
 90
        1
176
     1
 40
0.0
176
     1
 90
        0
176
     1
290
     0
176
     1
290
     1
176
     1
290
     1
176
     1
290
     0
176
     1
290
     0
176
     1
290
     0
176
     1
290
     0
176
     1
290
     0
176
     1
290
     0
176
     1
 90
       50
176
     1
 40
0.0
176
     1
 40
1.0
176
     1
 90
        0
176
     1
 62
    18
420
        0
176
     1
 90
       50
176
     1
 90
        3
176
     1
 62
     5
420
      255
176
     1
290
     0
176
     1
 90
       50
176
     1
 90
       50
176
     1
 90
       50
176
     1
290
     0
176
     1
 90
       50
176
     1
 62
   256
176
     0
 40
1.0
176
     0
 90
        2
176
     1
  1
strokes_ogs.tif
176
     1
290
     0
176
     1
 40
1.0
176
     1
 40
1.0
176
     1
  0
VISUALSTYLE
  5
34
102
{ACAD_REACTORS
330
2A
102
}
330
2A
100
AcDbVisualStyle
  2
Conceptual
 70
     9
177
     3
291
     0
 70
    58
 90
        3
176
     1
 90
        2
176
     1
 90
        0
176
     1
 90
        0
176
     1
 40
0.6
176
     1
 40
30.0
176
     1
 62
     7
420
 16777215
176
     1
 90
        2
176
     1
 90
        2
176
     1
 62
     7
176
     1
 62
   257
176
     1
 90
        1
176
     1
 90
        1
176
     1
 40
179.0
176
     1
 90
        8
176
     1
 62
     7
176
     1
 40
1.0
176
     1
 90
        1
176
     1
 90
        6
176
     1
 90
        2
176
     1
 62
     7
176
     1
 90
        3
176
     1
 90
        0
176
     1
 90
        0
176
     1
290
     0
176
     1
 90
        1
176
     1
 40
0.0
176
     1
 90
        0
176
     1
290
     0
176
     1
290
     1
176
     1
290
     1
176
     1
290
     0
176
     1
290
     0
176
     1
290
     0
176
     1
290
     0
176
     1
290
     0
176
     1
290
     0
176
     1
 90
       50
176
     1
 40
0.0
176
     1
 40
1.0
176
     1
 90
        0
176
     1
 62
    18
420
        0
176
     1
 90
       50
176
     1
 90
        3
176
     1
 62
     5
420
      255
176
     1
290
     0
176
     1
 90
       50
176
     1
 90
       50
176
     1
 90
       50
176
     1
290
     0
176
     1
 90
       50
176
     1
 62
   256
176
     0
 40
1.0
176
     0
 90
        2
176
     1
  1
strokes_ogs.tif
176
     1
290
     0
176
     1
 40
1.0
176
     1
 40
1.0
176
     1
  0
VISUALSTYLE
  5
35
102
{ACAD_REACTORS
330
2A
102
}
330
2A
100
AcDbVisualStyle
  2
Dim
 70
    11
177
     3
291
     1
 70
    58
 90
        2
176
     1
 90
        2
176
     1
 90
        0
176
     1
 90
        0
176
     1
 40
0.6
176
     1
 40
30.0
176
     1
 62
     7
420
 16777215
176
     1
 90
        1
176
     1
 90
        4
176
     1
 62
     7
176
     1
 62
   257
176
     1
 90
        1
176
     1
 90
        1
176
     1
 40
1.0
176
     1
 90
        8
176
     1
 62
     7
176
     1
 40
1.0
176
     1
 90
        1
176
     1
 90
        6
176
     1
 90
        2
176
     1
 62
     7
176
     1
 90
        5
176
     1
 90
        0
176
     1
 90
        0
176
     1
290
     0
176
     1
 90
        1
176
     1
 40
-50.0
176
     1
 90
        0
176
     1
290
     0
176
     1
290
     1
176
     1
290
     1
176
     1
290
     0
176
     1
290
     0
176
     1
290
     0
176
     1
290
     0
176
     1
290
     0
176
     1
290
     0
176
     1
 90
       50
176
     1
 40
0.0
176
     1
 40
1.0
176
     1
 90
        0
176
     1
 62
    18
420
        0
176
     1
 90
       50
176
     1
 90
        3
176
     1
 62
     5
420
      255
176
     1
290
     0
176
     1
 90
       50
176
     1
 90
       50
176
     1
 90
       50
176
     1
290
     0
176
     1
 90
       50
176
     1
 62
   256
176
     0
 40
1.0
176
     0
 90
        2
176
     1
  1
strokes_ogs.tif
176
     1
290
     0
176
     1
 40
1.0
176
     1
 40
1.0
176
     1
  0
VISUALSTYLE
  5
3D
102
{ACAD_REACTORS
330
2A
102
}
330
2A
100
AcDbVisualStyle
  2
EdgeColorOff
 70
    22
177
     3
291
     1
 70
    58
 90
        2
176
     0
 90
        2
176
     0
 90
        0
176
     0
 90
        0
176
     0
 40
0.6
176
     0
 40
30.0
176
     0
 62
     7
420
 16777215
176
     0
 90
        1
176
     0
 90
        4
176
     0
 62
     7
176
     0
 62
   257
176
     0
 90
        1
176
     0
 90
        1
176
     0
 40
1.0
176
     0
 90
        8
176
     2
 62
     7
176
     0
 40
1.0
176
     0
 90
        1
176
     0
 90
        6
176
     0
 90
        2
176
     0
 62
     7
176
     0
 90
        5
176
     0
 90
        0
176
     0
 90
        0
176
     0
290
     0
176
     0
 90
        1
176
     0
 40
0.0
176
     0
 90
        0
176
     0
290
     0
176
     0
290
     1
176
     0
290
     1
176
     0
290
     0
176
     0
290
     0
176
     0
290
     0
176
     0
290
     0
176
     0
290
     0
176
     0
290
     0
176
     0
 90
       50
176
     0
 40
0.0
176
     0
 40
1.0
176
     0
 90
        0
176
     0
 62
    18
420
        0
176
     0
 90
       50
176
     0
 90
        3
176
     0
 62
     5
420
      255
176
     0
290
     0
176
     0
 90
       50
176
     0
 90
       50
176
     0
 90
       50
176
     0
290
     0
176
     0
 90
       50
176
     0
 62
   256
176
     0
 40
1.0
176
     0
 90
        2
176
     0
  1
strokes_ogs.tif
176
     0
290
     0
176
     0
 40
1.0
176
     0
 40
1.0
176
     0
  0
VISUALSTYLE
  5
39
102
{ACAD_REACTORS
330
2A
102
}
330
2A
100
AcDbVisualStyle
  2
Facepattern
 70
    15
177
     3
291
     1
 70
    58
 90
        2
176
     1
 90
        2
176
     1
 90
        0
176
     1
 90
        0
176
     1
 40
0.6
176
     1
 40
30.0
176
     1
 62
     7
420
 16777215
176
     1
 90
        1
176
     1
 90
        4
176
     1
 62
     7
176
     1
 62
   257
176
     1
 90
        1
176
     1
 90
        1
176
     1
 40
1.0
176
     1
 90
        8
176
     1
 62
     7
176
     1
 40
1.0
176
     1
 90
        1
176
     1
 90
        6
176
     1
 90
        2
176
     1
 62
     7
176
     1
 90
        5
176
     1
 90
        0
176
     1
 90
        0
176
     1
290
     0
176
     1
 90
        1
176
     1
 40
0.0
176
     1
 90
        0
176
     1
290
     0
176
     1
290
     1
176
     1
290
     1
176
     1
290
     0
176
     1
290
     0
176
     1
290
     0
176
     1
290
     0
176
     1
290
     0
176
     1
290
     0
176
     1
 90
       50
176
     1
 40
0.0
176
     1
 40
1.0
176
     1
 90
        0
176
     1
 62
    18
420
        0
176
     1
 90
       50
176
     1
 90
        3
176
     1
 62
     5
420
      255
176
     1
290
     0
176
     1
 90
       50
176
     1
 90
       50
176
     1
 90
       50
176
     1
290
     0
176
     1
 90
       50
176
     1
 62
   256
176
     0
 40
1.0
176
     0
 90
        2
176
     1
  1
strokes_ogs.tif
176
     1
290
     0
176
     1
 40
1.0
176
     1
 40
1.0
176
     1
  0
VISUALSTYLE
  5
2B
102
{ACAD_REACTORS
330
2A
102
}
330
2A
100
AcDbVisualStyle
  2
Flat
 70
     0
177
     3
291
     1
 70
    58
 90
        2
176
     1
 90
        1
176
     1
 90
        1
176
     1
 90
        2
176
     1
 40
0.6
176
     1
 40
30.0
176
     1
 62
     7
420
 16777215
176
     1
 90
        0
176
     1
 90
        0
176
     1
 62
     7
176
     1
 62
   257
176
     1
 90
        1
176
     1
 90
        1
176
     1
 40
1.0
176
     1
 90
        8
176
     1
 62
     7
176
     1
 40
1.0
176
     1
 90
        1
176
     1
 90
        6
176
     1
 90
        2
176
     1
 62
     7
176
     1
 90
        5
176
     1
 90
        0
176
     1
 90
        0
176
     1
290
     0
176
     1
 90
       13
176
     1
 40
0.0
176
     1
 90
        0
176
     1
290
     0
176
     1
290
     1
176
     1
290
     1
176
     1
290
     0
176
     1
290
     0
176
     1
290
     0
176
     1
290
     0
176
     1
290
     0
176
     1
290
     0
176
     1
 90
       50
176
     1
 40
0.0
176
     1
 40
1.0
176
     1
 90
        0
176
     1
 62
    18
420
        0
176
     1
 90
       50
176
     1
 90
        3
176
     1
 62
     5
420
      255
176
     1
290
     0
176
     1
 90
       50
176
     1
 90
       50
176
     1
 90
       50
176
     1
290
     0
176
     1
 90
       50
176
     1
 62
   256
176
     0
 40
1.0
176
     0
 90
        2
176
     1
  1
strokes_ogs.tif
176
     1
290
     0
176
     1
 40
1.0
176
     1
 40
1.0
176
     1
  0
VISUALSTYLE
  5
2C
102
{ACAD_REACTORS
330
2A
102
}
330
2A
100
AcDbVisualStyle
  2
FlatWithEdges
 70
     1
177
     3
291
     1
 70
    58
 90
        2
176
     1
 90
        1
176
     1
 90
        1
176
     1
 90
        2
176
     1
 40
0.6
176
     1
 40
30.0
176
     1
 62
     7
420
 16777215
176
     1
 90
        1
176
     1
 90
        0
176
     1
 62
     7
176
     1
 62
   257
176
     1
 90
        1
176
     1
 90
        1
176
     1
 40
1.0
176
     1
 90
        0
176
     1
 62
   257
176
     1
 40
1.0
176
     1
 90
        1
176
     1
 90
        6
176
     1
 90
        2
176
     1
 62
     7
176
     1
 90
        5
176
     1
 90
        0
176
     1
 90
        0
176
     1
290
     0
176
     1
 90
       13
176
     1
 40
0.0
176
     1
 90
        0
176
     1
290
     0
176
     1
290
     1
176
     1
290
     1
176
     1
290
     0
176
     1
290
     0
176
     1
290
     0
176
     1
290
     0
176
     1
290
     0
176
     1
290
     0
176
     1
 90
       50
176
     1
 40
0.0
176
     1
 40
1.0
176
     1
 90
        0
176
     1
 62
    18
420
        0
176
     1
 90
       50
176
     1
 90
        3
176
     1
 62
     5
420
      255
176
     1
290
     0
176
     1
 90
       50
176
     1
 90
       50
176
     1
 90
       50
176
     1
290
     0
176
     1
 90
       50
176
     1
 62
   256
176
     0
 40
1.0
176
     0
 90
        2
176
     1
  1
strokes_ogs.tif
176
     1
290
     0
176
     1
 40
1.0
176
     1
 40
1.0
176
     1
  0
VISUALSTYLE
  5
2D
102
{ACAD_REACTORS
330
2A
102
}
330
2A
100
AcDbVisualStyle
  2
Gouraud
 70
     2
177
     3
291
     1
 70
    58
 90
        2
176
     1
 90
        2
176
     1
 90
        1
176
     1
 90
        2
176
     1
 40
0.6
176
     1
 40
30.0
176
     1
 62
     7
420
 16777215
176
     1
 90
        0
176
     1
 90
        0
176
     1
 62
     7
176
     1
 62
   257
176
     1
 90
        1
176
     1
 90
        1
176
     1
 40
1.0
176
     1
 90
        0
176
     1
 62
     7
176
     1
 40
1.0
176
     1
 90
        1
176
     1
 90
        6
176
     1
 90
        2
176
     1
 62
     7
176
     1
 90
        5
176
     1
 90
        0
176
     1
 90
        0
176
     1
290
     0
176
     1
 90
       13
176
     1
 40
0.0
176
     1
 90
        0
176
     1
290
     0
176
     1
290
     1
176
     1
290
     1
176
     1
290
     0
176
     1
290
     0
176
     1
290
     0
176
     1
290
     0
176
     1
290
     0
176
     1
290
     0
176
     1
 90
       50
176
     1
 40
0.0
176
     1
 40
1.0
176
     1
 90
        0
176
     1
 62
    18
420
        0
176
     1
 90
       50
176
     1
 90
        3
176
     1
 62
     5
420
      255
176
     1
290
     0
176
     1
 90
       50
176
     1
 90
       50
176
     1
 90
       50
176
     1
290
     0
176
     1
 90
       50
176
     1
 62
   256
176
     0
 40
1.0
176
     0
 90
        2
176
     1
  1
strokes_ogs.tif
176
     1
290
     0
176
     1
 40
1.0
176
     1
 40
1.0
176
     1
  0
VISUALSTYLE
  5
2E
102
{ACAD_REACTORS
330
2A
102
}
330
2A
100
AcDbVisualStyle
  2
GouraudWithEdges
 70
     3
177
     3
291
     1
 70
    58
 90
        2
176
     1
 90
        2
176
     1
 90
        1
176
     1
 90
        2
176
     1
 40
0.6
176
     1
 40
30.0
176
     1
 62
     7
420
 16777215
176
     1
 90
        1
176
     1
 90
        0
176
     1
 62
     7
176
     1
 62
   257
176
     1
 90
        1
176
     1
 90
        1
176
     1
 40
1.0
176
     1
 90
        0
176
     1
 62
   257
176
     1
 40
1.0
176
     1
 90
        1
176
     1
 90
        6
176
     1
 90
        2
176
     1
 62
     7
176
     1
 90
        5
176
     1
 90
        0
176
     1
 90
        0
176
     1
290
     0
176
     1
 90
       13
176
     1
 40
0.0
176
     1
 90
        0
176
     1
290
     0
176
     1
290
     1
176
     1
290
     1
176
     1
290
     0
176
     1
290
     0
176
     1
290
     0
176
     1
290
     0
176
     1
290
     0
176
     1
290
     0
176
     1
 90
       50
176
     1
 40
0.0
176
     1
 40
1.0
176
     1
 90
        0
176
     1
 62
    18
420
        0
176
     1
 90
       50
176
     1
 90
        3
176
     1
 62
     5
420
      255
176
     1
290
     0
176
     1
 90
       50
176
     1
 90
       50
176
     1
 90
       50
176
     1
290
     0
176
     1
 90
       50
176
     1
 62
   256
176
     0
 40
1.0
176
     0
 90
        2
176
     1
  1
strokes_ogs.tif
176
     1
290
     0
176
     1
 40
1.0
176
     1
 40
1.0
176
     1
  0
VISUALSTYLE
  5
31
102
{ACAD_REACTORS
330
2A
102
}
330
2A
100
AcDbVisualStyle
  2
Hidden
 70
     6
177
     3
291
     0
 70
    58
 90
        1
176
     1
 90
        2
176
     1
 90
        2
176
     1
 90
        0
176
     1
 40
0.6
176
     1
 40
30.0
176
     1
 62
     7
420
 16777215
176
     1
 90
        2
176
     1
 90
        2
176
     1
 62
     7
176
     1
 62
   257
176
     1
 90
        2
176
     1
 90
        1
176
     1
 40
40.0
176
     1
 90
        0
176
     1
 62
   257
176
     1
 40
1.0
176
     1
 90
        1
176
     1
 90
        6
176
     1
 90
        2
176
     1
 62
     7
176
     1
 90
        3
176
     1
 90
        0
176
     1
 90
        0
176
     1
290
     0
176
     1
 90
        1
176
     1
 40
0.0
176
     1
 90
        0
176
     1
290
     0
176
     1
290
     1
176
     1
290
     1
176
     1
290
     0
176
     1
290
     0
176
     1
290
     0
176
     1
290
     0
176
     1
290
     0
176
     1
290
     0
176
     1
 90
       50
176
     1
 40
0.0
176
     1
 40
1.0
176
     1
 90
        0
176
     1
 62
    18
420
        0
176
     1
 90
       50
176
     1
 90
        3
176
     1
 62
     5
420
      255
176
     1
290
     0
176
     1
 90
       50
176
     1
 90
       50
176
     1
 90
       50
176
     1
290
     0
176
     1
 90
       50
176
     1
 62
   256
176
     0
 40
1.0
176
     0
 90
        2
176
     1
  1
strokes_ogs.tif
176
     1
290
     0
176
     1
 40
1.0
176
     1
 40
1.0
176
     1
  0
VISUALSTYLE
  5
3B
102
{ACAD_REACTORS
330
2A
102
}
330
2A
100
AcDbVisualStyle
  2
JitterOff
 70
    20
177
     3
291
     1
 70
    58
 90
        2
176
     0
 90
        2
176
     0
 90
        0
176
     0
 90
        0
176
     0
 40
0.6
176
     0
 40
30.0
176
     0
 62
     7
420
 16777215
176
     0
 90
        1
176
     0
 90
        4
176
     0
 62
     7
176
     0
 62
   257
176
     0
 90
        1
176
     0
 90
        1
176
     0
 40
1.0
176
     0
 90
       10
176
     2
 62
     7
176
     0
 40
1.0
176
     0
 90
        1
176
     0
 90
        6
176
     0
 90
        2
176
     0
 62
     7
176
     0
 90
        5
176
     0
 90
        0
176
     0
 90
        0
176
     0
290
     0
176
     0
 90
        1
176
     0
 40
0.0
176
     0
 90
        0
176
     0
290
     0
176
     0
290
     1
176
     0
290
     1
176
     0
290
     0
176
     0
290
     0
176
     0
290
     0
176
     0
290
     0
176
     0
290
     0
176
     0
290
     0
176
     0
 90
       50
176
     0
 40
0.0
176
     0
 40
1.0
176
     0
 90
        0
176
     0
 62
    18
420
        0
176
     0
 90
       50
176
     0
 90
        3
176
     0
 62
     5
420
      255
176
     0
290
     0
176
     0
 90
       50
176
     0
 90
       50
176
     0
 90
       50
176
     0
290
     0
176
     0
 90
       50
176
     0
 62
   256
176
     0
 40
1.0
176
     0
 90
        2
176
     0
  1
strokes_ogs.tif
176
     0
290
     0
176
     0
 40
1.0
176
     0
 40
1.0
176
     0
  0
VISUALSTYLE
  5
38
102
{ACAD_REACTORS
330
2A
102
}
330
2A
100
AcDbVisualStyle
  2
Linepattern
 70
    14
177
     3
291
     1
 70
    58
 90
        2
176
     1
 90
        2
176
     1
 90
        0
176
     1
 90
        0
176
     1
 40
0.6
176
     1
 40
30.0
176
     1
 62
     7
420
 16777215
176
     1
 90
        1
176
     1
 90
        4
176
     1
 62
     7
176
     1
 62
   257
176
     1
 90
        7
176
     1
 90
        7
176
     1
 40
1.0
176
     1
 90
        8
176
     1
 62
     7
176
     1
 40
1.0
176
     1
 90
        1
176
     1
 90
        6
176
     1
 90
        2
176
     1
 62
     7
176
     1
 90
        5
176
     1
 90
        0
176
     1
 90
        0
176
     1
290
     0
176
     1
 90
        1
176
     1
 40
0.0
176
     1
 90
        0
176
     1
290
     0
176
     1
290
     1
176
     1
290
     1
176
     1
290
     0
176
     1
290
     0
176
     1
290
     0
176
     1
290
     0
176
     1
290
     0
176
     1
290
     0
176
     1
 90
       50
176
     1
 40
0.0
176
     1
 40
1.0
176
     1
 90
        0
176
     1
 62
    18
420
        0
176
     1
 90
       50
176
     1
 90
        3
176
     1
 62
     5
420
      255
176
     1
290
     0
176
     1
 90
       50
176
     1
 90
       50
176
     1
 90
       50
176
     1
290
     0
176
     1
 90
       50
176
     1
 62
   256
176
     0
 40
1.0
176
     0
 90
        2
176
     1
  1
strokes_ogs.tif
176
     1
290
     0
176
     1
 40
1.0
176
     1
 40
1.0
176
     1
  0
VISUALSTYLE
  5
3C
102
{ACAD_REACTORS
330
2A
102
}
330
2A
100
AcDbVisualStyle
  2
OverhangOff
 70
    21
177
     3
291
     1
 70
    58
 90
        2
176
     0
 90
        2
176
     0
 90
        0
176
     0
 90
        0
176
     0
 40
0.6
176
     0
 40
30.0
176
     0
 62
     7
420
 16777215
176
     0
 90
        1
176
     0
 90
        4
176
     0
 62
     7
176
     0
 62
   257
176
     0
 90
        1
176
     0
 90
        1
176
     0
 40
1.0
176
     0
 90
        9
176
     2
 62
     7
176
     0
 40
1.0
176
     0
 90
        1
176
     0
 90
        6
176
     0
 90
        2
176
     0
 62
     7
176
     0
 90
        5
176
     0
 90
        0
176
     0
 90
        0
176
     0
290
     0
176
     0
 90
        1
176
     0
 40
0.0
176
     0
 90
        0
176
     0
290
     0
176
     0
290
     1
176
     0
290
     1
176
     0
290
     0
176
     0
290
     0
176
     0
290
     0
176
     0
290
     0
176
     0
290
     0
176
     0
290
     0
176
     0
 90
       50
176
     0
 40
0.0
176
     0
 40
1.0
176
     0
 90
        0
176
     0
 62
    18
420
        0
176
     0
 90
       50
176
     0
 90
        3
176
     0
 62
     5
420
      255
176
     0
290
     0
176
     0
 90
       50
176
     0
 90
       50
176
     0
 90
       50
176
     0
290
     0
176
     0
 90
       50
176
     0
 62
   256
176
     0
 40
1.0
176
     0
 90
        2
176
     0
  1
strokes_ogs.tif
176
     0
290
     0
176
     0
 40
1.0
176
     0
 40
1.0
176
     0
  0
VISUALSTYLE
  5
33
102
{ACAD_REACTORS
330
2A
102
}
330
2A
100
AcDbVisualStyle
  2
Realistic
 70
     8
177
     3
291
     0
 70
    58
 90
        2
176
     1
 90
        3
176
     1
 90
        0
176
     1
 90
        2
176
     1
 40
0.6
176
     1
 40
30.0
176
     1
 62
     7
420
 16777215
176
     1
 90
        0
176
     1
 90
        0
176
     1
 62
     7
176
     1
 62
   257
176
     1
 90
        1
176
     1
 90
        1
176
     1
 40
1.0
176
     1
 90
        8
176
     1
 62
   257
176
     1
 40
1.0
176
     1
 90
        1
176
     1
 90
        6
176
     1
 90
        2
176
     1
 62
     7
176
     1
 90
        3
176
     1
 90
        0
176
     1
 90
        0
176
     1
290
     0
176
     1
 90
       13
176
     1
 40
0.0
176
     1
 90
        0
176
     1
290
     0
176
     1
290
     1
176
     1
290
     1
176
     1
290
     0
176
     1
290
     0
176
     1
290
     0
176
     1
290
     0
176
     1
290
     0
176
     1
290
     0
176
     1
 90
       50
176
     1
 40
0.0
176
     1
 40
1.0
176
     1
 90
        0
176
     1
 62
    18
420
        0
176
     1
 90
       50
176
     1
 90
        3
176
     1
 62
     5
420
      255
176
     1
290
     0
176
     1
 90
       50
176
     1
 90
       50
176
     1
 90
       50
176
     1
290
     0
176
     1
 90
       50
176
     1
 62
   256
176
     0
 40
1.0
176
     0
 90
        2
176
     1
  1
strokes_ogs.tif
176
     1
290
     0
176
     1
 40
1.0
176
     1
 40
1.0
176
     1
  0
VISUALSTYLE
  5
42
102
{ACAD_REACTORS
330
2A
102
}
330
2A
100
AcDbVisualStyle
  2
Shaded
 70
    27
177
     3
291
     0
 70
    58
 90
        2
176
     1
 90
        2
176
     1
 90
        1
176
     1
 90
        2
176
     1
 40
0.6
176
     1
 40
30.0
176
     1
 62
     7
420
 16777215
176
     1
 90
        0
176
     1
 90
        4
176
     1
 62
     7
176
     1
 62
   257
176
     1
 90
        1
176
     1
 90
        1
176
     1
 40
1.0
176
     1
 90
        8
176
     1
 62
   257
176
     1
 40
1.0
176
     1
 90
        1
176
     1
 90
        6
176
     1
 90
        2
176
     1
 62
     8
420
  7895160
176
     1
 90
        3
176
     1
 90
        0
176
     1
 90
        0
176
     1
290
     0
176
     1
 90
        5
176
     1
 40
0.0
176
     1
 90
        0
176
     1
290
     0
176
     1
290
     1
176
     1
290
     1
176
     1
290
     0
176
     1
290
     0
176
     1
290
     0
176
     1
290
     0
176
     1
290
     0
176
     1
290
     0
176
     1
 90
       50
176
     1
 40
0.0
176
     1
 40
1.0
176
     1
 90
        0
176
     1
 62
    18
420
        0
176
     1
 90
       50
176
     1
 90
        3
176
     1
 62
     5
420
      255
176
     1
290
     0
176
     1
 90
       50
176
     1
 90
       50
176
     1
 90
       50
176
     1
290
     0
176
     1
 90
       50
176
     1
 62
   256
176
     0
 40
1.0
176
     0
 90
        2
176
     1
  1
strokes_ogs.tif
176
     1
290
     0
176
     1
 40
1.0
176
     1
 40
1.0
176
     1
  0
VISUALSTYLE
  5
41
102
{ACAD_REACTORS
330
2A
102
}
330
2A
100
AcDbVisualStyle
  2
Shaded with edges
 70
    26
177
     3
291
     0
 70
    58
 90
        2
176
     1
 90
        2
176
     1
 90
        1
176
     1
 90
        2
176
     1
 40
0.6
176
     1
 40
30.0
176
     1
 62
     7
420
 16777215
176
     1
 90
        1
176
     1
 90
       10
176
     1
 62
     7
176
     1
 62
   257
176
     1
 90
        2
176
     1
 90
        1
176
     1
 40
1.0
176
     1
 90
        8
176
     1
 62
   257
176
     1
 40
1.0
176
     1
 90
        1
176
     1
 90
        6
176
     1
 90
        2
176
     1
 62
     7
176
     1
 90
        3
176
     1
 90
        0
176
     1
 90
        0
176
     1
290
     0
176
     1
 90
        5
176
     1
 40
0.0
176
     1
 90
        0
176
     1
290
     0
176
     1
290
     1
176
     1
290
     1
176
     1
290
     0
176
     1
290
     0
176
     1
290
     0
176
     1
290
     0
176
     1
290
     0
176
     1
290
     0
176
     1
 90
       50
176
     1
 40
0.0
176
     1
 40
1.0
176
     1
 90
        0
176
     1
 62
    18
420
        0
176
     1
 90
       50
176
     1
 90
        3
176
     1
 62
     5
420
      255
176
     1
290
     0
176
     1
 90
       50
176
     1
 90
       50
176
     1
 90
       50
176
     1
290
     0
176
     1
 90
       50
176
     1
 62
   256
176
     0
 40
1.0
176
     0
 90
        2
176
     1
  1
strokes_ogs.tif
176
     1
290
     0
176
     1
 40
1.0
176
     1
 40
1.0
176
     1
  0
VISUALSTYLE
  5
3E
102
{ACAD_REACTORS
330
2A
102
}
330
2A
100
AcDbVisualStyle
  2
Shades of Gray
 70
    23
177
     3
291
     0
 70
    58
 90
        2
176
     1
 90
        2
176
     1
 90
        3
176
     1
 90
        0
176
     1
 40
0.6
176
     1
 40
30.0
176
     1
 62
     7
420
 16777215
176
     1
 90
        2
176
     1
 90
        2
176
     1
 62
     7
176
     1
 62
     7
176
     1
 90
        1
176
     1
 90
        1
176
     1
 40
40.0
176
     1
 90
        8
176
     1
 62
     7
176
     1
 40
1.0
176
     1
 90
        1
176
     1
 90
        6
176
     1
 90
        2
176
     1
 62
     7
176
     1
 90
        3
176
     1
 90
        0
176
     1
 90
        0
176
     1
290
     0
176
     1
 90
        1
176
     1
 40
0.0
176
     1
 90
        0
176
     1
290
     0
176
     1
290
     1
176
     1
290
     1
176
     1
290
     0
176
     1
290
     0
176
     1
290
     0
176
     1
290
     0
176
     1
290
     0
176
     1
290
     0
176
     1
 90
       50
176
     1
 40
0.0
176
     1
 40
1.0
176
     1
 90
        0
176
     1
 62
    18
420
        0
176
     1
 90
       50
176
     1
 90
        3
176
     1
 62
     5
420
      255
176
     1
290
     0
176
     1
 90
       50
176
     1
 90
       50
176
     1
 90
       50
176
     1
290
     0
176
     1
 90
       50
176
     1
 62
   256
176
     0
 40
1.0
176
     0
 90
        2
176
     1
  1
strokes_ogs.tif
176
     1
290
     0
176
     1
 40
1.0
176
     1
 40
1.0
176
     1
  0
VISUALSTYLE
  5
3F
102
{ACAD_REACTORS
330
2A
102
}
330
2A
100
AcDbVisualStyle
  2
Sketchy
 70
    24
177
     3
291
     0
 70
    58
 90
        1
176
     1
 90
        2
176
     1
 90
        2
176
     1
 90
        0
176
     1
 40
0.6
176
     1
 40
30.0
176
     1
 62
     7
420
 16777215
176
     1
 90
        2
176
     1
 90
        2
176
     1
 62
     7
176
     1
 62
     7
176
     1
 90
        1
176
     1
 90
        1
176
     1
 40
40.0
176
     1
 90
       11
176
     1
 62
     7
176
     1
 40
1.0
176
     1
 90
        1
176
     1
 90
        6
176
     1
 90
        2
176
     1
 62
     7
176
     1
 90
        6
176
     1
 90
        0
176
     1
 90
        0
176
     1
290
     0
176
     1
 90
        1
176
     1
 40
0.0
176
     1
 90
        0
176
     1
290
     0
176
     1
290
     1
176
     1
290
     1
176
     1
290
     0
176
     1
290
     0
176
     1
290
     0
176
     1
290
     0
176
     1
290
     0
176
     1
290
     0
176
     1
 90
       50
176
     1
 40
0.0
176
     1
 40
1.0
176
     1
 90
        0
176
     1
 62
    18
420
        0
176
     1
 90
       50
176
     1
 90
        3
176
     1
 62
     5
420
      255
176
     1
290
     0
176
     1
 90
       50
176
     1
 90
       50
176
     1
 90
       50
176
     1
290
     0
176
     1
 90
       50
176
     1
 62
   256
176
     0
 40
1.0
176
     0
 90
        2
176
     1
  1
strokes_ogs.tif
176
     1
290
     0
176
     1
 40
1.0
176
     1
 40
1.0
176
     1
  0
VISUALSTYLE
  5
37
102
{ACAD_REACTORS
330
2A
102
}
330
2A
100
AcDbVisualStyle
  2
Thicken
 70
    13
177
     3
291
     1
 70
    58
 90
        2
176
     1
 90
        2
176
     1
 90
        0
176
     1
 90
        0
176
     1
 40
0.6
176
     1
 40
30.0
176
     1
 62
     7
420
 16777215
176
     1
 90
        1
176
     1
 90
        4
176
     1
 62
     7
176
     1
 62
   257
176
     1
 90
        1
176
     1
 90
        1
176
     1
 40
1.0
176
     1
 90
       12
176
     1
 62
     7
176
     1
 40
1.0
176
     1
 90
        1
176
     1
 90
        6
176
     1
 90
        2
176
     1
 62
     7
176
     1
 90
        5
176
     1
 90
        0
176
     1
 90
        0
176
     1
290
     0
176
     1
 90
        1
176
     1
 40
0.0
176
     1
 90
        0
176
     1
290
     0
176
     1
290
     1
176
     1
290
     1
176
     1
290
     0
176
     1
290
     0
176
     1
290
     0
176
     1
290
     0
176
     1
290
     0
176
     1
290
     0
176
     1
 90
       50
176
     1
 40
0.0
176
     1
 40
1.0
176
     1
 90
        0
176
     1
 62
    18
420
        0
176
     1
 90
       50
176
     1
 90
        3
176
     1
 62
     5
420
      255
176
     1
290
     0
176
     1
 90
       50
176
     1
 90
       50
176
     1
 90
       50
176
     1
290
     0
176
     1
 90
       50
176
     1
 62
   256
176
     0
 40
1.0
176
     0
 90
        2
176
     1
  1
strokes_ogs.tif
176
     1
290
     0
176
     1
 40
1.0
176
     1
 40
1.0
176
     1
  0
VISUALSTYLE
  5
30
102
{ACAD_REACTORS
330
2A
102
}
330
2A
100
AcDbVisualStyle
  2
Wireframe
 70
     5
177
     3
291
     0
 70
    58
 90
        0
176
     1
 90
        2
176
     1
 90
        0
176
     1
 90
        0
176
     1
 40
0.6
176
     1
 40
30.0
176
     1
 62
     7
420
 16777215
176
     1
 90
        1
176
     1
 90
        4
176
     1
 62
     7
176
     1
 62
   257
176
     1
 90
        1
176
     1
 90
        1
176
     1
 40
1.0
176
     1
 90
        0
176
     1
 62
   257
176
     1
 40
1.0
176
     1
 90
        1
176
     1
 90
        6
176
     1
 90
        2
176
     1
 62
     7
176
     1
 90
        3
176
     1
 90
        0
176
     1
 90
        0
176
     1
290
     0
176
     1
 90
        1
176
     1
 40
0.0
176
     1
 90
        0
176
     1
290
     0
176
     1
290
     1
176
     1
290
     1
176
     1
290
     0
176
     1
290
     0
176
     1
290
     0
176
     1
290
     0
176
     1
290
     0
176
     1
290
     0
176
     1
 90
       50
176
     1
 40
0.0
176
     1
 40
1.0
176
     1
 90
        0
176
     1
 62
    18
420
        0
176
     1
 90
       50
176
     1
 90
        3
176
     1
 62
     5
420
      255
176
     1
290
     0
176
     1
 90
       50
176
     1
 90
       50
176
     1
 90
       50
176
     1
290
     0
176
     1
 90
       50
176
     1
 62
   256
176
     0
 40
1.0
176
     0
 90
        2
176
     1
  1
strokes_ogs.tif
176
     1
290
     0
176
     1
 40
1.0
176
     1
 40
1.0
176
     1
  0
VISUALSTYLE
  5
40
102
{ACAD_REACTORS
330
2A
102
}
330
2A
100
AcDbVisualStyle
  2
X-Ray
 70
    25
177
     3
291
     0
 70
    58
 90
        2
176
     1
 90
        2
176
     1
 90
        1
176
     1
 90
        1
176
     1
 40
0.5
176
     1
 40
30.0
176
     1
 62
     7
420
 16777215
176
     1
 90
        1
176
     1
 90
        0
176
     1
 62
     7
176
     1
 62
   257
176
     1
 90
        1
176
     1
 90
        1
176
     1
 40
1.0
176
     1
 90
        8
176
     1
 62
     7
176
     1
 40
1.0
176
     1
 90
        1
176
     1
 90
        6
176
     1
 90
        2
176
     1
 62
     7
176
     1
 90
        3
176
     1
 90
        0
176
     1
 90
        0
176
     1
290
     0
176
     1
 90
       13
176
     1
 40
0.0
176
     1
 90
        0
176
     1
290
     0
176
     1
290
     1
176
     1
290
     1
176
     1
290
     0
176
     1
290
     0
176
     1
290
     0
176
     1
290
     0
176
     1
290
     0
176
     1
290
     0
176
     1
 90
       50
176
     1
 40
0.0
176
     1
 40
1.0
176
     1
 90
        0
176
     1
 62
    18
420
        0
176
     1
 90
       50
176
     1
 90
        3
176
     1
 62
     5
420
      255
176
     1
290
     0
176
     1
 90
       50
176
     1
 90
       50
176
     1
 90
       50
176
     1
290
     0
176
     1
 90
       50
176
     1
 62
   256
176
     0
 40
1.0
176
     0
 90
        2
176
     1
  1
strokes_ogs.tif
176
     1
290
     0
176
     1
 40
1.0
176
     1
 40
1.0
176
     1
  0
DICTIONARYVAR
  5
5A5
102
{ACAD_REACTORS
330
5A4
102
}
330
5A4
100
DictionaryVariables
280
     0
  1
1:1
  0
DICTIONARYVAR
  5
5AA
102
{ACAD_REACTORS
330
5A4
102
}
330
5A4
100
DictionaryVariables
280
     0
  1
Standard
  0
DICTIONARYVAR
  5
5A9
102
{ACAD_REACTORS
330
5A4
102
}
330
5A4
100
DictionaryVariables
280
     0
  1
Standard
  0
DICTIONARY
  5
5A6
330
5A
100
AcDbDictionary
280
     1
281
     1
  3
ACAD_ROUNDTRIP_2008_TABLESTYLE_CELLSTYLEMAP
360
5A7
  0
CELLSTYLEMAP
  5
5A7
102
{ACAD_REACTORS
330
5A6
102
}
330
5A6
100
AcDbCellStyleMap
 90
        3
300
CELLSTYLE
  1
TABLEFORMAT_BEGIN
 90
        5
170
     1
 91
        0
 92
    32768
 62
   257
 93
        1
300
CONTENTFORMAT
  1
CONTENTFORMAT_BEGIN
 90
        0
 91
        0
 92
        4
 93
        0
300

 40
0.0
140
1.0
 94
        5
 62
     0
340
11
144
0.25
309
CONTENTFORMAT_END
171
     1
301
MARGIN
  1
CELLMARGIN_BEGIN
 40
0.06
 40
0.06
 40
0.06
 40
0.06
 40
0.06
 40
0.06
309
CELLMARGIN_END
 94
        6
 95
        1
302
GRIDFORMAT
  1
GRIDFORMAT_BEGIN
 90
        0
 91
        1
 62
     0
 92
       -2
340
14
 93
        0
 40
0.045
309
GRIDFORMAT_END
 95
        2
302
GRIDFORMAT
  1
GRIDFORMAT_BEGIN
 90
        0
 91
        1
 62
     0
 92
       -2
340
14
 93
        0
 40
0.045
309
GRIDFORMAT_END
 95
        4
302
GRIDFORMAT
  1
GRIDFORMAT_BEGIN
 90
        0
 91
        1
 62
     0
 92
       -2
340
14
 93
        0
 40
0.045
309
GRIDFORMAT_END
 95
        8
302
GRIDFORMAT
  1
GRIDFORMAT_BEGIN
 90
        0
 91
        1
 62
     0
 92
       -2
340
14
 93
        0
 40
0.045
309
GRIDFORMAT_END
 95
       16
302
GRIDFORMAT
  1
GRIDFORMAT_BEGIN
 90
        0
 91
        1
 62
     0
 92
       -2
340
14
 93
        0
 40
0.045
309
GRIDFORMAT_END
 95
       32
302
GRIDFORMAT
  1
GRIDFORMAT_BEGIN
 90
        0
 91
        1
 62
     0
 92
       -2
340
14
 93
        0
 40
0.045
309
GRIDFORMAT_END
309
TABLEFORMAT_END
  1
CELLSTYLE_BEGIN
 90
        1
 91
        1
300
_TITLE
309
CELLSTYLE_END
300
CELLSTYLE
  1
TABLEFORMAT_BEGIN
 90
        5
170
     1
 91
        0
 92
        0
 62
   257
 93
        1
300
CONTENTFORMAT
  1
CONTENTFORMAT_BEGIN
 90
        0
 91
        0
 92
        4
 93
        0
300

 40
0.0
140
1.0
 94
        5
 62
     0
340
11
144
0.18
309
CONTENTFORMAT_END
171
     1
301
MARGIN
  1
CELLMARGIN_BEGIN
 40
0.06
 40
0.06
 40
0.06
 40
0.06
 40
0.06
 40
0.06
309
CELLMARGIN_END
 94
        6
 95
        1
302
GRIDFORMAT
  1
GRIDFORMAT_BEGIN
 90
        0
 91
        1
 62
     0
 92
       -2
340
14
 93
        0
 40
0.045
309
GRIDFORMAT_END
 95
        2
302
GRIDFORMAT
  1
GRIDFORMAT_BEGIN
 90
        0
 91
        1
 62
     0
 92
       -2
340
14
 93
        0
 40
0.045
309
GRIDFORMAT_END
 95
        4
302
GRIDFORMAT
  1
GRIDFORMAT_BEGIN
 90
        0
 91
        1
 62
     0
 92
       -2
340
14
 93
        0
 40
0.045
309
GRIDFORMAT_END
 95
        8
302
GRIDFORMAT
  1
GRIDFORMAT_BEGIN
 90
        0
 91
        1
 62
     0
 92
       -2
340
14
 93
        0
 40
0.045
309
GRIDFORMAT_END
 95
       16
302
GRIDFORMAT
  1
GRIDFORMAT_BEGIN
 90
        0
 91
        1
 62
     0
 92
       -2
340
14
 93
        0
 40
0.045
309
GRIDFORMAT_END
 95
       32
302
GRIDFORMAT
  1
GRIDFORMAT_BEGIN
 90
        0
 91
        1
 62
     0
 92
       -2
340
14
 93
        0
 40
0.045
309
GRIDFORMAT_END
309
TABLEFORMAT_END
  1
CELLSTYLE_BEGIN
 90
        2
 91
        1
300
_HEADER
309
CELLSTYLE_END
300
CELLSTYLE
  1
TABLEFORMAT_BEGIN
 90
        5
170
     1
 91
        0
 92
        0
 62
   257
 93
        1
300
CONTENTFORMAT
  1
CONTENTFORMAT_BEGIN
 90
        0
 91
        0
 92
        4
 93
        0
300

 40
0.0
140
1.0
 94
        2
 62
     0
340
11
144
0.18
309
CONTENTFORMAT_END
171
     1
301
MARGIN
  1
CELLMARGIN_BEGIN
 40
0.06
 40
0.06
 40
0.06
 40
0.06
 40
0.06
 40
0.06
309
CELLMARGIN_END
 94
        6
 95
        1
302
GRIDFORMAT
  1
GRIDFORMAT_BEGIN
 90
        0
 91
        1
 62
     0
 92
       -2
340
14
 93
        0
 40
0.045
309
GRIDFORMAT_END
 95
        2
302
GRIDFORMAT
  1
GRIDFORMAT_BEGIN
 90
        0
 91
        1
 62
     0
 92
       -2
340
14
 93
        0
 40
0.045
309
GRIDFORMAT_END
 95
        4
302
GRIDFORMAT
  1
GRIDFORMAT_BEGIN
 90
        0
 91
        1
 62
     0
 92
       -2
340
14
 93
        0
 40
0.045
309
GRIDFORMAT_END
 95
        8
302
GRIDFORMAT
  1
GRIDFORMAT_BEGIN
 90
        0
 91
        1
 62
     0
 92
       -2
340
14
 93
        0
 40
0.045
309
GRIDFORMAT_END
 95
       16
302
GRIDFORMAT
  1
GRIDFORMAT_BEGIN
 90
        0
 91
        1
 62
     0
 92
       -2
340
14
 93
        0
 40
0.045
309
GRIDFORMAT_END
 95
       32
302
GRIDFORMAT
  1
GRIDFORMAT_BEGIN
 90
        0
 91
        1
 62
     0
 92
       -2
340
14
 93
        0
 40
0.045
309
GRIDFORMAT_END
309
TABLEFORMAT_END
  1
CELLSTYLE_BEGIN
 90
        3
 91
        2
300
_DATA
309
CELLSTYLE_END
  0
ENDSEC
  0
EOF
